Date,account value,daily gain
2009-01-02,100000,38.28256198
2009-01-05,151626,21.86025924
2009-01-06,140503,-9.603846917
2009-01-07,147532,-22.40552069
2009-01-08,122386,-64.26659932
2009-01-09,150867,-93.79303691
2009-01-12,135431,-14.41815572
2009-01-13,141867,79.36903642
2009-01-14,156990,61.28139452
2009-01-15,136541,-44.48555954
2009-01-16,145558,25.47427788
2009-01-20,158564,-53.12690052
2009-01-21,130912,-68.48152332
2009-01-22,133029,55.69516322
2009-01-23,123458,92.72144388
2009-01-26,163583,-60.00928201
2009-01-27,135339,-40.46052519
2009-01-28,86392,-69.46483034
2009-01-29,121958,-72.41540573
2009-01-30,159173,-72.12874777
2009-02-02,165295,-45.40490037
2009-02-03,142904,-3.548527752
2009-02-04,126145,84.5130617
2009-02-05,135904,-76.189185
2009-02-06,93887,99.74634448
2009-02-09,168129,-76.93853111
2009-02-10,100857,-50.40316673
2009-02-11,102677,20.77223106
2009-02-12,88880,-41.75253586
2009-02-13,166511,-26.93691286
2009-02-17,116934,0.86190868
2009-02-18,111060,22.47086955
2009-02-19,121578,51.296299
2009-02-20,154718,29.29568445
2009-02-23,95171,-45.28800388
2009-02-24,145815,51.73251826
2009-02-25,142162,64.56826093
2009-02-26,83511,-62.1506227
2009-02-27,97269,-60.62482906
2009-03-02,155626,33.40165128
2009-03-03,153718,-67.52953039
2009-03-04,157398,-32.18874409
2009-03-05,125987,-81.08445054
2009-03-06,149089,82.2367193
2009-03-09,138790,-59.77382594
2009-03-10,100319,46.10769136
2009-03-11,139992,-83.80485293
2009-03-12,155475,91.80465009
2009-03-13,110840,-53.78145624
2009-03-16,136914,-23.91684042
2009-03-17,119358,43.52129215
2009-03-18,118462,-82.3595293
2009-03-19,129893,-96.37152009
2009-03-20,168444,-57.79263501
2009-03-23,138626,-76.04212715
2009-03-24,107857,-64.20322105
2009-03-25,162705,4.001634705
2009-03-26,110096,-14.35139857
2009-03-27,101191,5.494219616
2009-03-30,110683,-30.40607847
2009-03-31,130080,-61.23063466
2009-04-01,126847,7.667199178
2009-04-02,111441,17.52058897
2009-04-03,98141,-27.66353151
2009-04-06,82998,78.81509212
2009-04-07,131710,68.02386967
2009-04-08,148541,91.4199041
2009-04-09,141285,33.17396479
2009-04-13,163177,35.51426253
2009-04-14,139442,-6.106794494
2009-04-15,133192,51.89590188
2009-04-16,124978,-70.04568832
2009-04-17,157517,2.402396581
2009-04-20,98029,61.54723815
2009-04-21,167514,58.81013757
2009-04-22,157641,15.53442168
2009-04-23,91880,-67.86011809
2009-04-24,161940,-28.16772479
2009-04-27,121621,-59.24403223
2009-04-28,139718,-88.31247
2009-04-29,153170,-17.62962495
2009-04-30,95686,-4.557049491
2009-05-01,113937,82.16979104
2009-05-04,130774,58.10753273
2009-05-05,89322,-49.08828397
2009-05-06,95620,64.86984234
2009-05-07,146934,-65.47570992
2009-05-08,141444,-37.69773282
2009-05-11,136583,-22.36199125
2009-05-12,137431,76.53892771
2009-05-13,122569,33.2293931
2009-05-14,123268,-23.22764492
2009-05-15,81679,14.15597707
2009-05-18,113359,-59.46209132
2009-05-19,151977,-11.51815618
2009-05-20,153151,8.981190204
2009-05-21,163612,89.56726015
2009-05-22,96002,67.36733159
2009-05-26,107504,-98.52606692
2009-05-27,142673,65.59590701
2009-05-28,82898,-63.22469945
2009-05-29,111556,29.90532439
2009-06-01,87435,-8.244135495
2009-06-02,90663,76.78704318
2009-06-03,131454,-38.67383497
2009-06-04,86271,-47.42469742
2009-06-05,90260,-97.12560525
2009-06-08,85649,-2.021805688
2009-06-09,158574,5.123063506
2009-06-10,103438,-66.57617848
2009-06-11,162725,6.58228413
2009-06-12,130156,39.63424328
2009-06-15,121879,97.52869798
2009-06-16,118801,77.97530429
2009-06-17,100973,67.25432279
2009-06-18,122197,5.173701618
2009-06-19,145254,-46.18327927
2009-06-22,169277,70.66631228
2009-06-23,167049,-4.871795589
2009-06-24,99634,-11.37153483
2009-06-25,125976,42.11838515
2009-06-26,142578,58.06095508
2009-06-29,154787,24.0774167
2009-06-30,132436,-54.33765454
2009-07-01,159275,82.31477275
2009-07-02,113901,61.04845628
2009-07-06,96290,14.62389579
2009-07-07,145012,91.69748729
2009-07-08,136891,40.31564442
2009-07-09,127243,62.79047427
2009-07-10,156853,43.48526996
2009-07-13,167104,-3.671545423
2009-07-14,119062,-32.56119134
2009-07-15,142586,65.18685112
2009-07-16,154842,38.81562404
2009-07-17,87826,95.05223167
2009-07-20,143314,-42.8623957
2009-07-21,111997,-80.58876728
2009-07-22,113066,56.04192104
2009-07-23,88757,-57.27794802
2009-07-24,153162,96.08458402
2009-07-27,126138,52.98717692
2009-07-28,139895,19.22479022
2009-07-29,88697,43.96754966
2009-07-30,110485,4.608856751
2009-07-31,133397,-34.98159595
2009-08-03,166131,78.05745925
2009-08-04,98905,-1.914076752
2009-08-05,82773,0.953106293
2009-08-06,128532,60.67794981
2009-08-07,142339,40.88230481
2009-08-10,89569,-65.28634385
2009-08-11,97846,76.58859439
2009-08-12,135202,51.96368639
2009-08-13,87627,-96.42685743
2009-08-14,159298,54.03500674
2009-08-17,158134,-38.5340455
2009-08-18,89164,-19.60026377
2009-08-19,82432,26.16462688
2009-08-20,93028,-66.83991894
2009-08-21,103107,44.87163372
2009-08-24,123731,-38.66251577
2009-08-25,140559,-18.84481639
2009-08-26,164847,-57.72846191
2009-08-27,155359,-24.47166291
2009-08-28,128657,-50.88081176
2009-08-31,119876,63.19705618
2009-09-01,149965,-65.86491959
2009-09-02,137280,41.09301869
2009-09-03,115069,46.53486376
2009-09-04,119203,65.9774452
2009-09-08,93355,-91.38746882
2009-09-09,125569,-73.0193649
2009-09-10,84390,-25.73107568
2009-09-11,129048,13.80865198
2009-09-14,88657,-5.744298468
2009-09-15,135714,22.73366838
2009-09-16,82931,-78.69954283
2009-09-17,101263,-14.29019018
2009-09-18,144535,76.30515611
2009-09-21,87745,69.81667611
2009-09-22,96870,-60.9858974
2009-09-23,162584,2.591342117
2009-09-24,145334,90.08548365
2009-09-25,164188,91.6638414
2009-09-28,90449,45.29425601
2009-09-29,93829,7.310284469
2009-09-30,111803,47.54682399
2009-10-01,124898,-72.83583864
2009-10-02,121942,40.16976571
2009-10-05,112980,32.80208597
2009-10-06,94728,-73.15420347
2009-10-07,146367,2.441945004
2009-10-08,165303,-2.095335896
2009-10-09,87333,-70.50963238
2009-10-12,107425,-19.07758191
2009-10-13,120022,-90.84606191
2009-10-14,154541,80.46680032
2009-10-15,157028,-41.72595635
2009-10-16,111718,-32.99710905
2009-10-19,145201,86.37620816
2009-10-20,158382,-11.76001406
2009-10-21,138028,-26.87456175
2009-10-22,147959,14.72350903
2009-10-23,155047,23.06368807
2009-10-26,153824,-43.31608913
2009-10-27,164143,-11.67026638
2009-10-28,80382,78.97495178
2009-10-29,156044,-63.10329876
2009-10-30,100014,49.383865
2009-11-02,99472,-22.71004792
2009-11-03,116762,-40.73843096
2009-11-04,134118,-86.14773825
2009-11-05,156053,89.87025709
2009-11-06,141291,6.095209835
2009-11-09,101325,-69.40811418
2009-11-10,125597,41.27060393
2009-11-11,156087,-71.55227841
2009-11-12,116538,-37.3412594
2009-11-13,123595,-82.25132385
2009-11-16,115890,-19.58350411
2009-11-17,131132,5.556466531
2009-11-18,163053,-84.38779305
2009-11-19,144889,19.2781261
2009-11-20,87808,86.97066344
2009-11-23,103268,-55.33381651
2009-11-24,162844,23.04784389
2009-11-25,86542,-97.12158886
2009-11-27,119565,-28.52759049
2009-11-30,133349,77.35058188
2009-12-01,143637,-17.27108825
2009-12-02,163318,-93.69173134
2009-12-03,140780,-0.532996848
2009-12-04,141258,-35.17163647
2009-12-07,158470,-27.0374767
2009-12-08,156650,36.25353572
2009-12-09,105983,85.38875474
2009-12-10,81998,67.90613051
2009-12-11,122121,-95.55381154
2009-12-14,141369,-58.96678171
2009-12-15,130692,-44.03724671
2009-12-16,124478,-92.99647489
2009-12-17,109676,64.25675655
2009-12-18,82740,-1.189261375
2009-12-21,165535,32.36427493
2009-12-22,96799,-13.93775924
2009-12-23,92654,-46.66188649
2009-12-24,139749,-73.54256603
2009-12-28,122768,23.35409949
2009-12-29,136879,-98.48015687
2009-12-30,152881,-77.37101034
2009-12-31,114206,55.30775576
2010-01-04,139129,-94.81140042
2010-01-05,84821,-54.81466658
2010-01-06,117334,82.70021257
2010-01-07,113237,2.216035108
2010-01-08,83465,79.72094866
2010-01-11,115666,18.35971839
2010-01-12,143206,-44.23057002
2010-01-13,131156,1.922207441
2010-01-14,103412,-16.05008013
2010-01-15,120028,46.88886498
2010-01-19,167906,-29.21942074
2010-01-20,87021,-21.10394263
2010-01-21,87059,-92.58459478
2010-01-22,151193,-35.60846773
2010-01-25,89859,-65.45071973
2010-01-26,138900,-28.7890645
2010-01-27,119329,-33.42565219
2010-01-28,95288,-82.63625063
2010-01-29,161005,-57.35111873
2010-02-01,117173,38.48070288
2010-02-02,151182,18.38893194
2010-02-03,109918,-34.72980233
2010-02-04,126371,52.89009389
2010-02-05,145031,-25.11330138
2010-02-08,103193,13.55464469
2010-02-09,85077,-95.38978206
2010-02-10,97159,26.82583037
2010-02-11,84084,-3.762020755
2010-02-12,96812,-37.77360391
2010-02-16,92907,24.3273465
2010-02-17,90445,-71.98392214
2010-02-18,93544,-8.41116707
2010-02-19,90434,31.63485769
2010-02-22,160822,-44.99513075
2010-02-23,136650,-31.48442061
2010-02-24,169393,12.72155803
2010-02-25,169546,-40.95335295
2010-02-26,130893,-90.90867134
2010-03-01,151343,75.81623395
2010-03-02,95995,79.64069026
2010-03-03,93386,72.71425879
2010-03-04,86685,-6.131983859
2010-03-05,93275,-78.60890457
2010-03-08,121451,92.99663071
2010-03-09,140549,76.2024457
2010-03-10,122507,60.80962062
2010-03-11,115287,72.70808038
2010-03-12,102424,93.04401665
2010-03-15,140440,-52.36327198
2010-03-16,99577,51.70552067
2010-03-17,158715,1.568025927
2010-03-18,161219,-63.00422175
2010-03-19,149221,-3.563142833
2010-03-22,96749,-99.12740583
2010-03-23,140028,-66.41730928
2010-03-24,116270,-58.72574232
2010-03-25,139171,44.96415801
2010-03-26,115690,89.09009273
2010-03-29,167918,-79.3761746
2010-03-30,125069,71.4577668
2010-03-31,81500,-43.45091367
2010-04-01,150932,-22.47433396
2010-04-05,140480,48.39351962
2010-04-06,140298,-40.58745986
2010-04-07,80697,22.58881597
2010-04-08,168790,-13.70826586
2010-04-09,115980,-5.368804476
2010-04-12,113338,-89.96100882
2010-04-13,150915,58.9081453
2010-04-14,81958,33.61094183
2010-04-15,130593,98.87871606
2010-04-16,110685,91.95988755
2010-04-19,139103,-3.457261862
2010-04-20,157501,-14.71280832
2010-04-21,87209,-43.32154493
2010-04-22,102950,73.7128626
2010-04-23,91500,-61.6188213
2010-04-26,114660,-44.27585203
2010-04-27,115176,-90.31396102
2010-04-28,139256,-36.96362115
2010-04-29,142996,-51.75935488
2010-04-30,110353,9.244741461
2010-05-03,116755,60.46395201
2010-05-04,82263,-69.33939959
2010-05-05,135243,46.29271697
2010-05-06,92201,65.82711051
2010-05-07,166997,54.95709935
2010-05-10,129265,-26.00709563
2010-05-11,130169,31.96406283
2010-05-12,159774,99.92531141
2010-05-13,124257,42.45469686
2010-05-14,91027,-22.34273574
2010-05-17,119410,-67.92365292
2010-05-18,157208,-93.21642903
2010-05-19,99674,-53.54398705
2010-05-20,139903,-28.59393151
2010-05-21,80966,-63.23403805
2010-05-24,85442,6.361236479
2010-05-25,169143,35.81196545
2010-05-26,85281,14.4680544
2010-05-27,102360,67.25475846
2010-05-28,113751,7.420935023
2010-06-01,115769,67.99694254
2010-06-02,153841,98.1307906
2010-06-03,149942,-5.715500661
2010-06-04,150851,-42.17345087
2010-06-07,123125,-71.29624298
2010-06-08,107908,-77.05532164
2010-06-09,158282,-69.21837874
2010-06-10,106202,-29.07609794
2010-06-11,103557,-53.49220851
2010-06-14,145678,18.75993468
2010-06-15,167472,74.69199335
2010-06-16,115293,10.12577171
2010-06-17,116896,19.59483872
2010-06-18,112047,-21.42821802
2010-06-21,112863,75.22804542
2010-06-22,151810,37.02897257
2010-06-23,116867,-53.65823653
2010-06-24,154710,-92.25948965
2010-06-25,155413,24.13243602
2010-06-28,104402,-31.700339
2010-06-29,119841,55.53490055
2010-06-30,97546,81.37660562
2010-07-01,153761,-26.90306468
2010-07-02,150808,-85.17512387
2010-07-06,136464,83.31109215
2010-07-07,81630,-74.43278804
2010-07-08,133891,-51.96527226
2010-07-09,165963,-20.12979907
2010-07-12,126881,52.03127189
2010-07-13,90740,-83.16457373
2010-07-14,99528,-30.00313034
2010-07-15,117199,-69.37291646
2010-07-16,103264,-41.47895605
2010-07-19,110027,67.41155987
2010-07-20,151095,12.35272541
2010-07-21,121906,8.9564799
2010-07-22,161183,-87.47746603
2010-07-23,98207,-49.63193844
2010-07-26,169990,13.96145165
2010-07-27,160663,-58.22678128
2010-07-28,168777,-72.36742759
2010-07-29,143749,28.15972283
2010-07-30,126276,-13.59403866
2010-08-02,160501,-98.12056252
2010-08-03,142398,-23.95897124
2010-08-04,119714,74.83184574
2010-08-05,138124,-37.69502849
2010-08-06,83596,88.31648513
2010-08-09,126664,74.14772706
2010-08-10,135549,-6.416755979
2010-08-11,135910,-30.33662142
2010-08-12,94109,12.21138136
2010-08-13,142520,-85.42532998
2010-08-16,163776,1.585772326
2010-08-17,105750,-93.81190061
2010-08-18,123236,-95.08250749
2010-08-19,140968,38.59047903
2010-08-20,88073,26.71775258
2010-08-23,84985,59.11510954
2010-08-24,157481,-23.9623743
2010-08-25,84575,37.20567839
2010-08-26,84348,57.64738808
2010-08-27,148238,-4.663667461
2010-08-30,166672,-22.19408152
2010-08-31,89411,-59.57338851
2010-09-01,98156,84.63600953
2010-09-02,155143,25.84997363
2010-09-03,105469,-14.41123567
2010-09-07,164684,38.94014293
2010-09-08,92819,-73.69183625
2010-09-09,128179,-19.9956772
2010-09-10,128191,41.81087446
2010-09-13,136916,-19.30384945
2010-09-14,166642,-98.77849356
2010-09-15,118487,-29.31947669
2010-09-16,113973,54.9505232
2010-09-17,123548,-62.32988216
2010-09-20,155397,95.79881342
2010-09-21,117546,-54.55881745
2010-09-22,81433,-28.00832145
2010-09-23,87689,-58.22791066
2010-09-24,154761,-1.9530397
2010-09-27,149657,39.61914175
2010-09-28,88181,10.27371101
2010-09-29,142161,-4.512056828
2010-09-30,142903,-22.99341971
2010-10-01,156831,16.01479925
2010-10-04,82367,-43.04426558
2010-10-05,169993,-55.53744294
2010-10-06,154392,-77.06361285
2010-10-07,167499,-43.7318107
2010-10-08,107340,0.387088189
2010-10-11,104995,31.74274605
2010-10-12,138961,35.89864988
2010-10-13,136736,-84.88956902
2010-10-14,142626,-53.06513212
2010-10-15,131365,34.03222188
2010-10-18,153328,-5.698550677
2010-10-19,81502,91.53974785
2010-10-20,133482,-26.86449649
2010-10-21,154802,89.60572401
2010-10-22,124758,83.89329226
2010-10-25,81188,-59.36832042
2010-10-26,107095,-23.45792383
2010-10-27,165377,-90.85548514
2010-10-28,122587,-37.93879531
2010-10-29,152128,-3.890979073
2010-11-01,130273,-86.28582411
2010-11-02,96327,-41.42445994
2010-11-03,163351,88.70885235
2010-11-04,121569,-64.90642788
2010-11-05,108634,41.31611562
2010-11-08,87764,35.51224971
2010-11-09,96621,86.51493729
2010-11-10,156316,-34.54795952
2010-11-11,92670,-48.26651991
2010-11-12,94607,-21.42158694
2010-11-15,102105,-66.10160119
2010-11-16,99445,-91.52868584
2010-11-17,100318,71.29082795
2010-11-18,82649,57.17305918
2010-11-19,118733,-25.51602143
2010-11-22,149370,-25.57578573
2010-11-23,111366,-14.74588035
2010-11-24,140354,-91.65271063
2010-11-26,87484,-85.52651925
2010-11-29,98908,59.57582787
2010-11-30,127135,-50.85523063
2010-12-01,91057,69.24802472
2010-12-02,166234,-89.46457676
2010-12-03,155752,65.68010437
2010-12-06,142902,82.17206153
2010-12-07,88098,83.58380997
2010-12-08,160359,-30.91846308
2010-12-09,85394,-46.0355825
2010-12-10,134750,22.81028119
2010-12-13,99759,63.59237043
2010-12-14,145027,20.70633198
2010-12-15,93317,14.26367533
2010-12-16,164766,-94.4170857
2010-12-17,114919,-16.39886981
2010-12-20,104979,-20.19616084
2010-12-21,92896,-68.72228092
2010-12-22,126600,17.02986937
2010-12-23,132999,71.07277971
2010-12-27,154791,-47.93069549
2010-12-28,152647,-83.60305779
2010-12-29,89908,-4.520957763
2010-12-30,117255,-36.24639211
2010-12-31,130324,53.2296011
2011-01-03,147910,-14.22810364
2011-01-04,86535,-22.25538952
2011-01-05,144124,-64.43830358
2011-01-06,108559,-21.0024462
2011-01-07,114008,52.82849028
2011-01-10,80387,70.3648786
2011-01-11,126737,-17.77269737
2011-01-12,152321,-84.13258821
2011-01-13,149575,-68.72606189
2011-01-14,117531,-72.78965042
2011-01-18,90459,70.44056958
2011-01-19,87757,-20.75525742
2011-01-20,142938,-43.24420689
2011-01-21,161157,7.167385687
2011-01-24,106391,24.21751909
2011-01-25,151542,-38.84390182
2011-01-26,111188,-58.43483417
2011-01-27,112736,21.69036587
2011-01-28,160730,-21.64356712
2011-01-31,169409,37.273094
2011-02-01,121214,-75.03728646
2011-02-02,152535,-96.44498299
2011-02-03,101834,16.77630251
2011-02-04,83938,-40.39965541
2011-02-07,158336,40.65591937
2011-02-08,87397,-62.87067252
2011-02-09,158080,86.65512395
2011-02-10,155138,-31.66574685
2011-02-11,93312,-73.40688301
2011-02-14,149721,-30.17197887
2011-02-15,106931,54.67261839
2011-02-16,85487,16.79293785
2011-02-17,84957,66.52226486
2011-02-18,163200,-46.65187012
2011-02-22,144300,-20.43825823
2011-02-23,87670,62.58126892
2011-02-24,110987,-95.29387833
2011-02-25,159040,-91.76854594
2011-02-28,168038,-54.39033823
2011-03-01,91583,51.04867228
2011-03-02,136410,-20.75774165
2011-03-03,129121,61.26103702
2011-03-04,139412,-98.60904403
2011-03-07,168523,-69.77981549
2011-03-08,115169,2.354924223
2011-03-09,157791,-70.8869143
2011-03-10,91853,-45.68838838
2011-03-11,88007,-23.38358216
2011-03-14,166313,-26.46302366
2011-03-15,148485,-17.65112731
2011-03-16,142822,-67.98095026
2011-03-17,113750,-98.41270934
2011-03-18,90821,23.80047501
2011-03-21,82070,29.12358236
2011-03-22,91995,-53.44032148
2011-03-23,150238,-95.33188428
2011-03-24,163092,-53.29010807
2011-03-25,123358,-46.26198397
2011-03-28,122685,90.62050849
2011-03-29,138257,45.75180538
2011-03-30,161798,-21.49328054
2011-03-31,165805,-32.82821067
2011-04-01,145496,76.54305628
2011-04-04,89910,31.75943886
2011-04-05,150786,-78.59508938
2011-04-06,99296,-0.995913181
2011-04-07,136338,-53.62538161
2011-04-08,103103,44.61480782
2011-04-11,118305,98.67993272
2011-04-12,94969,-83.67921199
2011-04-13,127201,-44.01854032
2011-04-14,98727,58.06989042
2011-04-15,116976,-39.14177732
2011-04-18,131434,0.549442266
2011-04-19,130292,50.16719308
2011-04-20,113473,-3.842624679
2011-04-21,90881,10.75261233
2011-04-25,127604,-86.88256237
2011-04-26,82813,-49.31010224
2011-04-27,111245,-32.24349017
2011-04-28,93321,8.471334767
2011-04-29,152581,11.6887044
2011-05-02,106116,-38.49571304
2011-05-03,136533,19.79202552
2011-05-04,147930,1.64880135
2011-05-05,131175,-47.45373374
2011-05-06,123002,32.94580569
2011-05-09,161200,40.62648139
2011-05-10,114002,-90.03987019
2011-05-11,95793,-11.19839135
2011-05-12,133675,-42.98765704
2011-05-13,160968,86.33623846
2011-05-16,148966,14.43194585
2011-05-17,89916,-52.93533074
2011-05-18,98828,66.64885193
2011-05-19,97912,-85.41037507
2011-05-20,106239,-78.80698858
2011-05-23,128875,65.38307453
2011-05-24,137880,-94.27952449
2011-05-25,138859,-32.03334838
2011-05-26,121966,-13.11915174
2011-05-27,153749,-1.959762733
2011-05-31,103663,-57.986345
2011-06-01,143232,10.37023324
2011-06-02,124537,-75.6863533
2011-06-03,110761,49.45935898
2011-06-06,153078,-95.96561358
2011-06-07,114034,-50.54865624
2011-06-08,85951,-91.03309453
2011-06-09,143715,66.5509367
2011-06-10,111618,-26.7458007
2011-06-13,106625,-91.20123845
2011-06-14,85203,48.45989791
2011-06-15,139922,-76.33974629
2011-06-16,158251,62.68382347
2011-06-17,87969,-76.34521715
2011-06-20,124658,-3.632831469
2011-06-21,152775,-12.14492135
2011-06-22,88073,62.91881028
2011-06-23,84955,-23.76059474
2011-06-24,88258,55.69553558
2011-06-27,166773,60.07670001
2011-06-28,89077,77.40315403
2011-06-29,82507,-8.337931054
2011-06-30,122848,-87.60248972
2011-07-01,143244,-99.80856693
2011-07-05,85382,-84.0944924
2011-07-06,96442,57.07697103
2011-07-07,109232,-75.00951864
2011-07-08,107592,91.20458775
2011-07-11,117930,-10.69698958
2011-07-12,100386,-8.4722053
2011-07-13,123027,-28.40054726
2011-07-14,144891,-50.52120059
2011-07-15,87268,-87.78181219
2011-07-18,81539,37.49107911
2011-07-19,80326,69.63562075
2011-07-20,120333,-54.49686926
2011-07-21,156507,-2.477953563
2011-07-22,125092,27.01679582
2011-07-25,149774,84.05385997
2011-07-26,152232,-51.72604064
2011-07-27,124563,-17.05062231
2011-07-28,163441,-56.00836851
2011-07-29,114840,25.7732107
2011-08-01,116731,-45.2096498
2011-08-02,164607,-40.28103755
2011-08-03,83559,-84.69298057
2011-08-04,165194,38.91544518
2011-08-05,110557,-98.35733614
2011-08-08,124259,-81.12101424
2011-08-09,121307,27.34244782
2011-08-10,143997,86.26134916
2011-08-11,162399,60.41412007
2011-08-12,108475,41.37475212
2011-08-15,89165,-38.9504414
2011-08-16,98913,-43.76190861
2011-08-17,135194,-59.6192897
2011-08-18,80647,-36.56685056
2011-08-19,97308,40.61643269
2011-08-22,115799,-11.08302947
2011-08-23,131830,78.41908614
2011-08-24,143902,-83.09381456
2011-08-25,149606,60.05127343
2011-08-26,163926,32.75966915
2011-08-29,83799,12.68199406
2011-08-30,127867,-57.4702086
2011-08-31,144794,65.47210524
2011-09-01,143570,11.80842313
2011-09-02,110669,54.76721877
2011-09-06,112291,17.59320102
2011-09-07,149634,68.5392077
2011-09-08,126709,-71.571683
2011-09-09,89455,79.5893348
2011-09-12,148480,-71.42241701
2011-09-13,143657,91.23251254
2011-09-14,143764,-71.56261107
2011-09-15,128430,-2.083514486
2011-09-16,164907,65.09745495
2011-09-19,104228,-3.370022888
2011-09-20,142427,8.892367228
2011-09-21,84758,-18.64426673
2011-09-22,103439,88.87212291
2011-09-23,96547,-59.76579755
2011-09-26,164692,49.32417199
2011-09-27,118039,95.60458358
2011-09-28,113203,87.5623754
2011-09-29,98428,-15.53356615
2011-09-30,160172,-35.59789525
2011-10-03,121523,47.01841763
2011-10-04,80926,-18.83021727
2011-10-05,105717,-54.77894354
2011-10-06,101737,-39.91636479
2011-10-07,102538,-2.697958441
2011-10-10,120092,25.85045282
2011-10-11,136944,64.40381504
2011-10-12,86890,-46.03222999
2011-10-13,86802,35.57402741
2011-10-14,147860,87.42776933
2011-10-17,119432,88.63830792
2011-10-18,126969,-56.27959241
2011-10-19,119861,-30.47245174
2011-10-20,120823,97.71550884
2011-10-21,103592,26.06834983
2011-10-24,120310,-36.81406971
2011-10-25,153708,64.55124907
2011-10-26,110979,96.51103976
2011-10-27,147943,24.17605599
2011-10-28,155454,-65.65344367
2011-10-31,116705,-77.46349765
2011-11-01,162860,-81.65651786
2011-11-02,100303,-9.061474415
2011-11-03,146422,79.51034207
2011-11-04,116260,-4.915135686
2011-11-07,116645,-92.12506693
2011-11-08,99533,-25.34108764
2011-11-09,91453,80.16667472
2011-11-10,155117,-7.653440979
2011-11-11,156240,41.99039869
2011-11-14,85777,-14.74196828
2011-11-15,155255,24.83853018
2011-11-16,148918,56.2637741
2011-11-17,114343,-96.94332648
2011-11-18,127605,-27.93394711
2011-11-21,110086,-37.02112257
2011-11-22,105230,-40.14645737
2011-11-23,151445,2.437578444
2011-11-25,128143,-55.47310509
2011-11-28,110861,76.21072586
2011-11-29,86447,20.74356691
2011-11-30,113442,30.04386038
2011-12-01,86406,-32.86606212
2011-12-02,144406,25.30681294
2011-12-05,139161,-31.26295707
2011-12-06,158497,37.37061156
2011-12-07,158926,-43.9459689
2011-12-08,160112,60.68978895
2011-12-09,153506,-56.27835889
2011-12-12,99383,85.53950797
2011-12-13,114765,96.83507743
2011-12-14,131702,88.26085066
2011-12-15,126989,-22.94872482
2011-12-16,89599,50.02452367
2011-12-19,85479,-43.36860069
2011-12-20,101840,-87.52870655
2011-12-21,140135,-60.49433198
2011-12-22,110818,-28.97024089
2011-12-23,95995,29.503716
2011-12-27,139671,-49.55429133
2011-12-28,110315,75.18464249
2011-12-29,127197,66.81202659
2011-12-30,162648,3.24688726
2012-01-03,157900,-62.85370217
2012-01-04,114927,43.63560027
2012-01-05,163695,85.44620765
2012-01-06,114258,-45.41893575
2012-01-09,140849,80.674149
2012-01-10,88450,72.83179162
2012-01-11,140894,92.25958349
2012-01-12,116627,57.87828416
2012-01-13,132277,65.89596813
2012-01-17,86389,-82.2979806
2012-01-18,129202,94.46695816
2012-01-19,141327,-40.65278072
2012-01-20,93744,-84.05193384
2012-01-23,149798,-85.19060075
2012-01-24,141737,-97.61610001
2012-01-25,91718,32.48812304
2012-01-26,85579,82.48035634
2012-01-27,101087,58.99716113
2012-01-30,130520,42.76315485
2012-01-31,99880,10.09655779
2012-02-01,132582,88.53698666
2012-02-02,84787,-21.7414306
2012-02-03,128134,-63.08008366
2012-02-06,122549,27.22493897
2012-02-07,85467,62.01136899
2012-02-08,113356,34.62632536
2012-02-09,107941,-61.92576025
2012-02-10,144490,26.13735414
2012-02-13,137019,-91.66617184
2012-02-14,116964,-87.30145654
2012-02-15,86917,-10.12992976
2012-02-16,113201,35.8503438
2012-02-17,142205,60.6990049
2012-02-21,115557,-17.47951587
2012-02-22,153236,66.99558875
2012-02-23,140452,57.95667099
2012-02-24,152785,2.926427029
2012-02-27,147789,79.09406216
2012-02-28,155187,-43.25988735
2012-02-29,98496,65.72168222
2012-03-01,113074,-43.45315964
2012-03-02,135046,-60.25080746
2012-03-05,157310,-85.60089967
2012-03-06,117678,33.58667991
2012-03-07,159777,59.37701379
2012-03-08,114896,-47.28328977
2012-03-09,145329,-70.25186616
2012-03-12,81260,96.66485096
2012-03-13,121847,-8.540070539
2012-03-14,159583,-25.4598767
2012-03-15,114638,-30.16799336
2012-03-16,140323,10.18670383
2012-03-19,110773,17.78749869
2012-03-20,151036,83.50196109
2012-03-21,166335,-4.619477539
2012-03-22,126849,-56.54211861
2012-03-23,163690,-44.60898839
2012-03-26,98847,98.3121131
2012-03-27,92433,24.22590565
2012-03-28,106484,-83.03548274
2012-03-29,167338,-33.53648262
2012-03-30,92986,-82.07125869
2012-04-02,142961,65.67384874
2012-04-03,128041,96.26165992
2012-04-04,152077,-20.72504349
2012-04-05,119546,45.22341248
2012-04-09,123139,-30.71544643
2012-04-10,124185,48.66990786
2012-04-11,120757,-55.63706118
2012-04-12,87097,97.10526674
2012-04-13,105281,45.64084479
2012-04-16,117370,68.42915616
2012-04-17,113875,55.55224468
2012-04-18,132548,-89.06263802
2012-04-19,150750,-59.2677042
2012-04-20,130094,90.04854505
2012-04-23,84374,90.08027933
2012-04-24,136595,36.48557651
2012-04-25,116238,-63.59646982
2012-04-26,102384,-32.36275752
2012-04-27,115272,58.53080301
2012-04-30,100063,19.95701656
2012-05-01,140640,8.492966983
2012-05-02,133472,25.05264384
2012-05-03,112904,-89.99207875
2012-05-04,157956,-86.39742032
2012-05-07,99933,58.36994358
2012-05-08,155135,94.23618399
2012-05-09,89794,66.17075683
2012-05-10,100364,-74.1494401
2012-05-11,108317,-18.56240844
2012-05-14,125842,-76.72859037
2012-05-15,165915,54.00529626
2012-05-16,112827,-79.80500444
2012-05-17,103337,6.594983829
2012-05-18,115229,-38.56740967
2012-05-21,83215,-60.88024177
2012-05-22,89546,-90.71552382
2012-05-23,84451,-10.79858112
2012-05-24,132812,-94.10548477
2012-05-25,101454,94.41009006
2012-05-29,161628,85.13900139
2012-05-30,165378,-26.54755265
2012-05-31,132619,-22.07338164
2012-06-01,166131,93.57117078
2012-06-04,145143,52.97700371
2012-06-05,141320,-76.21655838
2012-06-06,121504,-70.93806595
2012-06-07,109101,97.7522071
2012-06-08,108083,23.85208614
2012-06-11,90279,-37.38466699
2012-06-12,165416,-38.86742783
2012-06-13,124927,55.88592168
2012-06-14,143443,12.15671847
2012-06-15,165581,-48.24648655
2012-06-18,149320,-71.7089332
2012-06-19,110469,-89.88302439
2012-06-20,125393,-75.06826882
2012-06-21,98951,43.34699416
2012-06-22,113349,23.56508751
2012-06-25,91716,73.70385492
2012-06-26,107261,98.50646182
2012-06-27,98025,62.44821583
2012-06-28,92599,24.47809145
2012-06-29,115262,-97.07237655
2012-07-02,98469,-50.72672481
2012-07-03,96208,92.76625688
2012-07-05,110997,62.76688969
2012-07-06,147092,22.06496762
2012-07-09,129157,3.499259522
2012-07-10,97727,3.348597372
2012-07-11,117161,-4.374464108
2012-07-12,103527,-98.85916456
2012-07-13,119589,-85.73246368
2012-07-16,92193,73.10142395
2012-07-17,157185,90.70271415
2012-07-18,104734,16.08194495
2012-07-19,122460,-96.26790424
2012-07-20,96414,10.33365227
2012-07-23,147055,23.94800206
2012-07-24,147726,-87.06024162
2012-07-25,89078,34.5001018
2012-07-26,89676,-31.98550216
2012-07-27,85126,34.98328613
2012-07-30,98878,-14.81650255
2012-07-31,125683,-82.84427285
2012-08-01,109393,-19.73140449
2012-08-02,140021,4.318225872
2012-08-03,125434,58.9463301
2012-08-06,162757,-9.675713216
2012-08-07,158694,-7.318543224
2012-08-08,141456,-84.50480375
2012-08-09,117537,13.77488618
2012-08-10,132074,-46.51887879
2012-08-13,128120,-18.83257892
2012-08-14,105855,-67.53054133
2012-08-15,105899,22.09591954
2012-08-16,137221,-37.6391504
2012-08-17,112323,43.47988823
2012-08-20,120054,-44.23662291
2012-08-21,95017,-42.93558136
2012-08-22,102897,36.24780325
2012-08-23,99415,99.42191494
2012-08-24,119750,-89.51094567
2012-08-27,132610,13.14930364
2012-08-28,138859,57.45446423
2012-08-29,101436,-62.26103034
2012-08-30,129576,9.884708428
2012-08-31,114815,-75.15330977
2012-09-04,118911,26.11893259
2012-09-05,142292,62.50030759
2012-09-06,126600,-36.75175187
2012-09-07,80505,3.890199937
2012-09-10,166785,-62.93546088
2012-09-11,106257,-56.08301873
2012-09-12,161814,49.10363938
2012-09-13,101675,99.77679764
2012-09-14,163060,4.812765999
2012-09-17,157643,36.29385829
2012-09-18,143289,-10.99219566
2012-09-19,121489,99.22665151
2012-09-20,104923,46.48466669
2012-09-21,90642,-24.73281305
2012-09-24,160603,20.48509283
2012-09-25,163549,-69.54290917
2012-09-26,80503,-59.55951637
2012-09-27,155076,-43.78389594
2012-09-28,94650,-46.37766264
2012-10-01,97359,-5.676234826
2012-10-02,134870,-64.02957
2012-10-03,143382,-25.83556676
2012-10-04,125364,43.80252416
2012-10-05,104146,26.92280138
2012-10-08,101060,51.16290193
2012-10-09,161682,67.91982303
2012-10-10,102653,-54.35684058
2012-10-11,137942,-69.27355247
2012-10-12,103439,-86.01335354
2012-10-15,156985,-9.20217086
2012-10-16,149603,70.88383205
2012-10-17,103934,12.65497495
2012-10-18,146314,-27.33915477
2012-10-19,132473,34.36820201
2012-10-22,95281,-79.35166124
2012-10-23,97762,-84.40628267
2012-10-24,104196,-10.58851951
2012-10-25,119968,-6.11754046
2012-10-26,147368,6.896419214
2012-10-31,127480,52.34033647
2012-11-01,123081,-98.11622522
2012-11-02,127010,57.80914439
2012-11-05,147849,93.62890904
2012-11-06,103616,12.05424116
2012-11-07,160868,-73.95191724
2012-11-08,113751,16.11241396
2012-11-09,137808,35.86339851
2012-11-12,90989,71.08376185
2012-11-13,92567,23.0556861
2012-11-14,129390,12.11544394
2012-11-15,80209,39.93350129
2012-11-16,127000,69.74707941
2012-11-19,146496,86.84569966
2012-11-20,94827,-57.59344039
2012-11-21,95386,-33.57570303
2012-11-23,157715,72.11625287
2012-11-26,143490,-56.84928889
2012-11-27,151315,-43.10995655
2012-11-28,112709,-27.64473878
2012-11-29,123256,96.68412984
2012-11-30,116083,75.765778
2012-12-03,121281,39.07204395
2012-12-04,135380,-22.88698665
2012-12-05,80048,-98.93679274
2012-12-06,81129,-23.79007956
2012-12-07,143175,-53.83836902
2012-12-10,82974,32.97021182
2012-12-11,96805,16.01740451
2012-12-12,148982,98.67926073
2012-12-13,141058,-21.20755058
2012-12-14,110224,-23.84914952
2012-12-17,129813,16.94973601
2012-12-18,153844,60.14196832
2012-12-19,149518,-86.15881844
2012-12-20,156805,81.92052348
2012-12-21,119819,39.15798703
2012-12-24,81149,-69.8229199
2012-12-26,120539,-22.17243006
2012-12-27,135811,33.20762492
2012-12-28,82702,17.85770942
2012-12-31,111360,-62.0586576
2013-01-02,111850,36.17032703
2013-01-03,147904,21.25719438
2013-01-04,116644,-44.60294335
2013-01-07,129116,23.76024445
2013-01-08,161949,-0.734371971
2013-01-09,147651,-36.38018631
2013-01-10,123727,69.6236729
2013-01-11,126496,63.49813354
2013-01-14,119261,83.85019633
2013-01-15,85768,43.25391183
2013-01-16,123233,80.76399477
2013-01-17,145242,-40.41289173
2013-01-18,95780,50.75035293
2013-01-22,88150,31.51037399
2013-01-23,91112,91.78242348
2013-01-24,100133,-79.53717447
2013-01-25,138802,-12.19695168
2013-01-28,149851,44.72029144
2013-01-29,122619,15.02591204
2013-01-30,164314,65.2490491
2013-01-31,152940,-17.97810475
2013-02-01,118912,85.48673243
2013-02-04,134165,-58.66044275
2013-02-05,98158,13.20809343
2013-02-06,167601,10.76604413
2013-02-07,158951,-13.49888382
2013-02-08,163377,-31.88045376
2013-02-11,155196,-22.44121799
2013-02-12,120524,-25.9036274
2013-02-13,115496,-11.20150274
2013-02-14,118924,23.55400185
2013-02-15,164119,-16.02679361
2013-02-19,129113,-1.040581535
2013-02-20,97344,-50.08534861
2013-02-21,104725,20.40867488
2013-02-22,166601,-62.35258438
2013-02-25,168970,57.42435389
2013-02-26,167665,-99.47076408
2013-02-27,118388,57.50596031
2013-02-28,144956,46.4161865
2013-03-01,142942,-39.81631466
2013-03-04,107485,74.79015264
2013-03-05,82812,-6.32256739
2013-03-06,149365,50.11669295
2013-03-07,140091,98.47761066
2013-03-08,107929,-81.84859354
2013-03-11,152876,87.78250961
2013-03-12,117721,9.565100158
2013-03-13,150582,-65.59274339
2013-03-14,165735,-6.719607759
2013-03-15,102152,17.11044805
2013-03-18,133917,49.65345508
2013-03-19,119001,70.36582593
2013-03-20,166124,99.17057052
2013-03-21,82181,-13.86180059
2013-03-22,144963,-56.41935227
2013-03-25,110053,-80.69361172
2013-03-26,140230,-69.90909468
2013-03-27,90083,26.49576928
2013-03-28,146228,82.52019775
2013-04-01,118205,-76.08727073
2013-04-02,149453,66.2060105
2013-04-03,88266,-36.90488841
2013-04-04,169827,8.487273491
2013-04-05,93431,66.86723434
2013-04-08,164008,9.551319843
2013-04-09,114809,-0.835558892
2013-04-10,80632,68.6258185
2013-04-11,129717,90.52579379
2013-04-12,166658,-73.60485452
2013-04-15,93222,-28.7803108
2013-04-16,124443,-25.91080423
2013-04-17,119791,2.644992071
2013-04-18,166679,90.58077645
2013-04-19,82336,27.89293754
2013-04-22,148173,-26.03472277
2013-04-23,111795,-55.60684625
2013-04-24,87995,-31.24229469
2013-04-25,149473,31.81251923
2013-04-26,90745,-83.279032
2013-04-29,105496,-13.06593625
2013-04-30,113083,18.36077951
2013-05-01,141933,-95.18250312
2013-05-02,87335,97.47745188
2013-05-03,141472,-75.39091283
2013-05-06,149817,-95.73682734
2013-05-07,129841,65.49913462
2013-05-08,105357,68.3340937
2013-05-09,88254,-6.517856976
2013-05-10,137761,17.01784266
2013-05-13,142638,37.90660618
2013-05-14,144658,-92.6645156
2013-05-15,163935,94.70520317
2013-05-16,118435,-73.78649853
2013-05-17,85330,-91.51971138
2013-05-20,139088,70.18879087
2013-05-21,152921,17.56034526
2013-05-22,107167,79.54480739
2013-05-23,143122,-81.26698531
2013-05-24,120929,-26.42899886
2013-05-28,167087,0.634260656
2013-05-29,123931,11.56144612
2013-05-30,95046,58.87493891
2013-05-31,146992,-14.55538066
2013-06-03,157973,64.90257462
2013-06-04,110573,68.91285047
2013-06-05,129771,-84.193632
2013-06-06,122454,23.43307202
2013-06-07,161589,9.151114731
2013-06-10,101110,90.41865965
2013-06-11,159147,75.74325305
2013-06-12,157121,-8.63683798
2013-06-13,159797,-85.31006863
2013-06-14,121709,-54.71776665
2013-06-17,125708,5.511146691
2013-06-18,105963,-77.56726572
2013-06-19,119401,45.43075463
2013-06-20,111124,-83.62153947
2013-06-21,155324,-9.363032346
2013-06-24,123202,-81.17256071
2013-06-25,139782,91.89361439
2013-06-26,105298,79.66499111
2013-06-27,137523,-3.512086287
2013-06-28,120009,-31.52928137
2013-07-01,102989,13.88993586
2013-07-02,145180,-83.88646977
2013-07-03,118294,-60.73928787
2013-07-05,119600,-63.78839954
2013-07-08,138145,32.65228042
2013-07-09,117642,94.38306086
2013-07-10,166432,48.86998652
2013-07-11,87309,-92.09989604
2013-07-12,109804,-46.09498662
2013-07-15,86604,-32.06994428
2013-07-16,167732,82.62657622
2013-07-17,113530,-22.35552874
2013-07-18,96811,52.71801868
2013-07-19,81866,-63.84105487
2013-07-22,132167,67.4091977
2013-07-23,112071,81.79055063
2013-07-24,88519,-32.45547304
2013-07-25,149259,25.13930781
2013-07-26,115250,74.92529208
2013-07-29,93000,80.81323348
2013-07-30,166686,-49.20735124
2013-07-31,131508,-65.81797599
2013-08-01,96050,-86.30835129
2013-08-02,161269,23.94947992
2013-08-05,117887,87.26170886
2013-08-06,92907,75.11676703
2013-08-07,80046,-18.32522369
2013-08-08,134844,4.977234335
2013-08-09,157010,-56.34543056
2013-08-12,166565,23.68091122
2013-08-13,84224,78.47182039
2013-08-14,150667,36.22165148
2013-08-15,133796,10.58691152
2013-08-16,138277,74.02170366
2013-08-19,142330,34.77530696
2013-08-20,81221,57.75344333
2013-08-21,121445,-14.91438535
2013-08-22,152236,61.02850319
2013-08-23,89656,38.11266811
2013-08-26,140563,-63.07954857
2013-08-27,82004,36.53584689
2013-08-28,84496,-54.89023404
2013-08-29,150866,68.80424581
2013-08-30,143715,35.11599815
2013-09-03,128540,35.65982146
2013-09-04,112816,-66.18338863
2013-09-05,110520,-21.73507045
2013-09-06,107745,82.80042498
2013-09-09,117421,-92.35702554
2013-09-10,141414,-69.6906676
2013-09-11,87882,26.38405364
2013-09-12,145131,65.43273445
2013-09-13,80705,0.217125899
2013-09-16,87340,-54.98419135
2013-09-17,135523,57.95061622
2013-09-18,108106,-53.21389914
2013-09-19,92377,-43.86142245
2013-09-20,97629,-15.05547314
2013-09-23,101758,97.97501694
2013-09-24,85655,-47.94076159
2013-09-25,87639,-28.75343233
2013-09-26,98296,27.30735386
2013-09-27,94780,51.19810777
2013-09-30,106507,3.805449738
2013-10-01,107829,28.75562751
2013-10-02,83637,-1.421363464
2013-10-03,103240,-18.40641354
2013-10-04,167718,-59.99644688
2013-10-07,94642,-96.73252131
2013-10-08,146935,21.68943091
2013-10-09,132670,-40.159708
2013-10-10,158426,-20.12295247
2013-10-11,96716,-80.5984321
2013-10-14,126297,-45.11439989
2013-10-15,111826,-62.83135299
2013-10-16,93317,-63.85971165
2013-10-17,148781,26.09493272
2013-10-18,120274,69.69798169
2013-10-21,154862,-33.99176185
2013-10-22,163606,-82.51835223
2013-10-23,152456,-75.21024089
2013-10-24,89494,-65.15326106
2013-10-25,94705,-44.65088558
2013-10-28,96674,-82.32927598
2013-10-29,91952,55.11177856
2013-10-30,93731,-1.460047018
2013-10-31,118226,-87.47815765
2013-11-01,159209,84.57189914
2013-11-04,104277,49.41125688
2013-11-05,159109,-85.96584511
2013-11-06,122535,-26.28235294
2013-11-07,140846,14.4439506
2013-11-08,122603,82.58355322
2013-11-11,118226,48.58046539
2013-11-12,133207,-25.64909194
2013-11-13,91620,-56.09577209
2013-11-14,161974,57.44028037
2013-11-15,89438,-77.92539457
2013-11-18,87397,56.48203637
2013-11-19,127848,-74.26188917
2013-11-20,141753,-19.112453
2013-11-21,99245,-74.65245031
2013-11-22,86899,-48.2498163
2013-11-25,133530,-57.4935451
2013-11-26,122140,20.29929621
2013-11-27,102040,11.06242196
2013-11-29,101569,22.05002165
2013-12-02,123634,-45.27185081
2013-12-03,107604,20.82544048
2013-12-04,154067,14.18592757
2013-12-05,150308,35.09542572
2013-12-06,106459,-39.50736609
2013-12-09,128256,21.50436325
2013-12-10,94882,-89.6539036
2013-12-11,152948,-15.23167491
2013-12-12,101085,86.59577386
2013-12-13,127249,99.55971923
2013-12-16,163787,-83.69721395
2013-12-17,147427,-23.80134306
2013-12-18,157364,-31.68373911
2013-12-19,126418,34.34373151
2013-12-20,93251,-98.1378051
2013-12-23,167558,-20.54141214
2013-12-24,90875,-64.57972055
2013-12-26,90587,84.81999727
2013-12-27,160708,4.907783293
2013-12-30,168063,44.44157785
2013-12-31,131141,28.69820286
2014-01-02,116305,-29.0091937
2014-01-03,154401,85.16937939
2014-01-06,118383,87.48040787
2014-01-07,102769,-86.64315651
2014-01-08,157728,-96.64006246
2014-01-09,82264,40.99284902
2014-01-10,116276,-23.84159476
2014-01-13,91068,80.37880976
2014-01-14,126881,-76.96919287
2014-01-15,148511,-40.1020647
2014-01-16,91000,73.88683224
2014-01-17,132776,17.25535564
2014-01-21,86051,-21.07054226
2014-01-22,117658,-54.11519126
2014-01-23,118128,-87.65599784
2014-01-24,135867,-38.29064113
2014-01-27,169172,-78.60715441
2014-01-28,128376,8.887682011
2014-01-29,130416,-96.85423558
2014-01-30,97073,22.19887597
2014-01-31,86934,35.81817368
2014-02-03,160131,-45.79072259
2014-02-04,154532,89.84332484
2014-02-05,89286,53.93761535
2014-02-06,121815,-56.4035739
2014-02-07,108935,-28.03562453
2014-02-10,139460,-49.16355429
2014-02-11,112931,-89.61013197
2014-02-12,128695,-95.61993453
2014-02-13,87881,-92.37944921
2014-02-14,148271,-71.82932729
2014-02-18,116693,-62.48077159
2014-02-19,118713,9.319560285
2014-02-20,142902,-32.82372511
2014-02-21,132276,45.23728186
2014-02-24,110231,-96.96106071
2014-02-25,164970,50.89694456
2014-02-26,140304,84.04591558
2014-02-27,123381,36.33952449
2014-02-28,108633,71.99262327
2014-03-03,94328,20.97938512
2014-03-04,119537,-83.8058457
2014-03-05,86494,-48.46129887
2014-03-06,143608,-35.35384936
2014-03-07,92931,12.23944129
2014-03-10,96934,-33.2812245
2014-03-11,128331,8.463747164
2014-03-12,107298,-89.01210068
2014-03-13,123575,52.77393118
2014-03-14,160145,5.322426805
2014-03-17,144226,-52.64479129
2014-03-18,112372,52.90725127
2014-03-19,94561,57.13928956
2014-03-20,142883,36.84991689
2014-03-21,118860,-29.60143556
2014-03-24,150532,-49.20787666
2014-03-25,123772,-0.704466654
2014-03-26,109003,-82.36006983
2014-03-27,93218,-12.0144955
2014-03-28,140057,-41.86290244
2014-03-31,84245,63.87893632
2014-04-01,154844,-90.868266
2014-04-02,166153,-25.21404345
2014-04-03,113483,75.38561292
2014-04-04,80213,12.91944188
2014-04-07,147927,-93.25435643
2014-04-08,105637,35.0540173
2014-04-09,108931,51.04437526
2014-04-10,84873,-20.30535269
2014-04-11,139106,-29.33537289
2014-04-14,95400,-57.16950783
2014-04-15,102352,73.81102921
2014-04-16,103179,-66.79121262
2014-04-17,154826,-99.62415725
2014-04-21,112987,-93.05372366
2014-04-22,115475,2.98504692
2014-04-23,134045,-63.83825595
2014-04-24,137467,-13.61130749
2014-04-25,134098,-42.44248053
2014-04-28,86109,0.453099995
2014-04-29,117119,-74.87027011
2014-04-30,102363,42.02369744
2014-05-01,117346,-51.7006179
2014-05-02,127554,-7.777342314
2014-05-05,146618,-96.4658527
2014-05-06,154642,1.396755588
2014-05-07,154568,21.10168925
2014-05-08,127403,67.15410598
2014-05-09,134112,97.31332889
2014-05-12,132830,-45.87416566
2014-05-13,112585,52.63944402
2014-05-14,160927,-62.25634839
2014-05-15,147315,3.913785399
2014-05-16,131986,-73.6897846
2014-05-19,144377,59.56679239
2014-05-20,153749,46.22331916
2014-05-21,88157,-37.24781478
2014-05-22,132509,-52.97979338
2014-05-23,124931,-52.39140269
2014-05-27,114113,65.41360707
2014-05-28,96123,85.69923709
2014-05-29,84737,82.84642158
2014-05-30,138381,-22.1756391
2014-06-02,155437,-14.74436438
2014-06-03,165809,18.69344458
2014-06-04,95389,-72.46700575
2014-06-05,107755,93.7002252
2014-06-06,159406,-93.12688611
2014-06-09,112109,27.89886022
2014-06-10,84029,2.193771413
2014-06-11,164436,38.19969231
2014-06-12,112105,29.70362656
2014-06-13,118662,-39.10388216
2014-06-16,151559,61.88677741
2014-06-17,127897,-8.009825759
2014-06-18,137677,-23.25637922
2014-06-19,114859,-99.61903756
2014-06-20,100867,-31.83242902
2014-06-23,135709,23.15566344
2014-06-24,121459,-69.56442163
2014-06-25,158816,-80.70470724
2014-06-26,146477,-71.30112001
2014-06-27,158949,-59.95435769
2014-06-30,83277,-47.28814492
2014-07-01,94207,-70.13842007
2014-07-02,147706,-51.33751265
2014-07-03,133508,-1.096121902
2014-07-07,101615,66.53274353
2014-07-08,88977,-36.91197508
2014-07-09,125086,29.97513811
2014-07-10,138447,-65.0928126
2014-07-11,139982,-5.818981642
2014-07-14,104851,55.68525168
2014-07-15,165585,80.49600941
2014-07-16,89484,32.58311727
2014-07-17,165242,-94.69900203
2014-07-18,95375,83.00737456
2014-07-21,133370,-42.55939921
2014-07-22,115117,49.08276301
2014-07-23,144303,-84.66328414
2014-07-24,82024,37.54241674
2014-07-25,85168,6.044177342
2014-07-28,166130,-46.23921613
2014-07-29,120829,-26.811812
2014-07-30,104091,-93.8765323
2014-07-31,89439,11.31173362
2014-08-01,87823,-63.81929241
2014-08-04,157066,-93.53280655
2014-08-05,129960,-18.37432511
2014-08-06,108109,20.55035467
2014-08-07,116842,28.51675048
2014-08-08,94055,-94.93128431
2014-08-11,103754,-85.0292697
2014-08-12,139464,-28.80517662
2014-08-13,140088,23.82064716
2014-08-14,146764,-58.26829462
2014-08-15,139008,96.67597152
2014-08-18,123226,62.00707368
2014-08-19,102869,-1.765398369
2014-08-20,121654,-27.72445376
2014-08-21,145595,3.673463725
2014-08-22,123298,-45.65817935
2014-08-25,129578,-21.36137028
2014-08-26,96036,80.65940452
2014-08-27,130469,-38.71662425
2014-08-28,158558,33.67229265
2014-08-29,121465,83.95662273
2014-09-02,106375,-64.66498363
2014-09-03,131832,29.04946351
2014-09-04,123227,72.27317609
2014-09-05,95769,52.28930078
2014-09-08,98025,74.72944778
2014-09-09,169658,-21.01029132
2014-09-10,124595,18.77780146
2014-09-11,113536,-19.27421238
2014-09-12,136686,-70.87453701
2014-09-15,99693,69.00723321
2014-09-16,84819,17.68980203
2014-09-17,144891,-44.32295651
2014-09-18,109626,55.84484813
2014-09-19,151650,32.5616035
2014-09-22,143981,69.92682367
2014-09-23,83602,-93.24411846
2014-09-24,154328,8.189568206
2014-09-25,83956,24.69825708
2014-09-26,136841,92.41128279
2014-09-29,146282,-44.20873952
2014-09-30,104727,93.75253291
2014-10-01,87510,-73.26339984
2014-10-02,141175,40.89458142
2014-10-03,99264,-99.6817004
2014-10-06,112726,-92.81858917
2014-10-07,164121,19.25434744
2014-10-08,101356,-39.57299814
2014-10-09,98661,-30.20217647
2014-10-10,91288,41.49824951
2014-10-13,112366,39.16209971
2014-10-14,82549,75.64237254
2014-10-15,153856,-56.99755607
2014-10-16,150423,29.09229224
2014-10-17,145943,0.457221781
2014-10-20,153844,-11.24927873
2014-10-21,139325,71.0542311
2014-10-22,102951,-20.19736571
2014-10-23,143104,-45.52775032
2014-10-24,123238,-68.92227664
2014-10-27,158871,-50.80064654
2014-10-28,140025,31.75835285
2014-10-29,142043,3.025930981
2014-10-30,131556,-39.3467355
2014-10-31,140182,-1.892487558
2014-11-03,137296,-7.251073788
2014-11-04,164364,66.27090434
2014-11-05,128709,93.37558601
2014-11-06,160982,-94.67400861
2014-11-07,167922,79.41363797
2014-11-10,82054,17.32693929
2014-11-11,104465,78.31073991
2014-11-12,154364,3.676375629
2014-11-13,148442,-18.37244573
2014-11-14,142985,-91.9188801
2014-11-17,82809,-15.92309288
2014-11-18,96661,-3.583997892
2014-11-19,161015,-64.33561512
2014-11-20,119760,24.51449
2014-11-21,88535,-16.70062805
2014-11-24,114386,-65.91973648
2014-11-25,95591,-89.54882931
2014-11-26,99814,19.64011295
2014-11-28,165273,63.9993634
2014-12-01,137134,-93.38915897
2014-12-02,113303,-97.65202097
2014-12-03,117333,-60.07270112
2014-12-04,131238,-60.44680886
2014-12-05,139446,-21.97311199
2014-12-08,130136,-70.09000557
2014-12-09,146168,87.46268028
2014-12-10,137863,89.75908635
2014-12-11,113423,-6.461074744
2014-12-12,132172,57.22902691
2014-12-15,126091,65.97174816
2014-12-16,116420,13.49552368
2014-12-17,134237,70.1084731
2014-12-18,83908,-4.88783694
2014-12-19,87975,51.45983036
2014-12-22,153526,-81.47628356
2014-12-23,82436,89.85794445
2014-12-24,168929,-53.21491156
2014-12-26,117391,-88.48642336
2014-12-29,113920,46.36428405
2014-12-30,105392,-82.10030937
2014-12-31,113705,55.62913103
2015-01-02,138888,48.4810351
2015-01-05,159555,-3.325616455
2015-01-06,97367,-17.78751369
2015-01-07,85153,-82.54500482
2015-01-08,159945,43.1174485
2015-01-09,159716,73.80967214
2015-01-12,119073,88.83036436
2015-01-13,101459,-57.16353009
2015-01-14,162194,-10.1074221
2015-01-15,167851,-88.69495001
2015-01-16,164796,16.18464387
2015-01-20,83739,-70.7217707
2015-01-21,119286,66.16002933
2015-01-22,84226,-97.79642493
2015-01-23,116950,-96.54663428
2015-01-26,140547,20.10651934
2015-01-27,119047,-67.09539501
2015-01-28,105987,58.52476928
2015-01-29,82760,-37.04291743
2015-01-30,147946,95.62323871
2015-02-02,161075,29.89535299
2015-02-03,92110,-84.14874111
2015-02-04,122469,7.423280265
2015-02-05,111124,86.50613371
2015-02-06,114330,28.27887575
2015-02-09,122173,25.39186426
2015-02-10,116473,-61.73360118
2015-02-11,146881,-8.359176739
2015-02-12,138536,70.45782478
2015-02-13,122789,92.08127802
2015-02-17,92327,50.512898
2015-02-18,91776,3.832287853
2015-02-19,121809,72.67300536
2015-02-20,102495,-98.57832337
2015-02-23,169160,67.00535368
2015-02-24,101478,8.464952495
2015-02-25,110914,41.55101159
2015-02-26,96806,-67.48877354
2015-02-27,106446,-99.73797381
2015-03-02,115012,-5.018413942
2015-03-03,146658,-59.34779768
2015-03-04,124345,-49.77671484
2015-03-05,94522,52.35709195
2015-03-06,123515,-49.59118814
2015-03-09,115235,-87.65157967
2015-03-10,163478,-41.026604
2015-03-11,107009,90.7520685
2015-03-12,160807,97.68089288
2015-03-13,96457,-77.91567506
2015-03-16,84971,60.10175139
2015-03-17,165025,-41.87441974
2015-03-18,121820,17.43726506
2015-03-19,95808,-82.00495475
2015-03-20,88525,68.56077582
2015-03-23,146497,26.2579329
2015-03-24,144687,-25.56335461
2015-03-25,142201,-97.30837139
2015-03-26,128012,41.17274114
2015-03-27,88124,19.74699084
2015-03-30,150304,46.96636583
2015-03-31,117270,-17.52260467
2015-04-01,80514,-70.03863086
2015-04-02,115515,-96.08359428
2015-04-06,138619,59.00330794
2015-04-07,165991,-25.00459149
2015-04-08,100799,-4.96764436
2015-04-09,97644,39.43336305
2015-04-10,128691,-48.84654167
2015-04-13,168798,12.65688385
2015-04-14,163228,-36.96874468
2015-04-15,133818,-20.35431675
2015-04-16,140275,-84.30538791
2015-04-17,133402,-19.43109181
2015-04-20,113280,-46.83053832
2015-04-21,133606,29.7033436
2015-04-22,108605,-34.499718
2015-04-23,82426,-56.5396613
2015-04-24,86580,98.77145784
2015-04-27,113944,66.39811953
2015-04-28,148756,-5.871659486
2015-04-29,115660,-50.35512665
2015-04-30,154901,-30.85823148
2015-05-01,137198,12.3746224
2015-05-04,161102,44.00212725
2015-05-05,89573,33.77330333
2015-05-06,120053,22.5939287
2015-05-07,106422,-48.52739245
2015-05-08,164963,44.59507163
2015-05-11,141683,-96.28509587
2015-05-12,114551,5.248320601
2015-05-13,98009,-80.54297791
2015-05-14,136677,23.79083462
2015-05-15,89019,49.25900987
2015-05-18,149216,89.45032507
2015-05-19,128648,98.82612268
2015-05-20,114668,-6.175429351
2015-05-21,91088,-47.63039932
2015-05-22,89617,5.80870527
2015-05-26,93048,84.86696505
2015-05-27,109416,-90.19964797
2015-05-28,82126,-46.30649635
2015-05-29,89799,-64.74757903
2015-06-01,150806,30.67994247
2015-06-02,146960,-65.64325349
2015-06-03,105310,90.98234668
2015-06-04,97982,-60.19260043
2015-06-05,82886,70.75135465
2015-06-08,115513,75.90342881
2015-06-09,111214,73.85625362
2015-06-10,130838,-14.38848946
2015-06-11,103993,77.11897025
2015-06-12,131837,-14.17489419
2015-06-15,129133,0.872216654
2015-06-16,157137,-96.583334
2015-06-17,90302,-4.292567086
2015-06-18,104246,-4.800585527
2015-06-19,139398,-1.228441976
2015-06-22,113236,-88.18833269
2015-06-23,112743,41.66602485
2015-06-24,101943,39.21501965
2015-06-25,92374,-37.80806643
2015-06-26,122949,20.3975577
2015-06-29,104472,-40.20891893
2015-06-30,167864,-44.08834061
2015-07-01,168204,18.93293392
2015-07-02,151314,-59.24108504
2015-07-06,115189,-98.60980905
2015-07-07,98450,-19.82837593
2015-07-08,101082,-85.93322878
2015-07-09,140671,49.43350949
2015-07-10,90231,-82.49334708
2015-07-13,99878,40.5277253
2015-07-14,142964,89.53836687
2015-07-15,131830,27.50139109
2015-07-16,121081,-75.93445306
2015-07-17,110185,52.6731163
2015-07-20,91140,-3.951278948
2015-07-21,125322,-92.80041146
2015-07-22,85272,44.09144867
2015-07-23,159265,48.76966856
2015-07-24,101505,99.64374502
2015-07-27,119203,-16.00749838
2015-07-28,148491,1.566369622
2015-07-29,134041,-81.74522066
2015-07-30,134830,75.03523654
2015-07-31,103802,41.5812016
2015-08-03,91020,50.13740601
2015-08-04,109430,-93.05335027
2015-08-05,125700,96.95681179
2015-08-06,113318,-64.2604068
2015-08-07,118436,38.54819931
2015-08-10,156746,-60.15861588
2015-08-11,156685,44.69947054
2015-08-12,166411,-45.4109254
2015-08-13,114751,99.02321502
2015-08-14,133255,60.48619304
2015-08-17,83480,-64.08372356
2015-08-18,122728,-80.58301349
2015-08-19,144583,79.93426878
2015-08-20,90328,75.43135294
2015-08-21,98049,-34.56612781
2015-08-24,120184,79.18901672
2015-08-25,150142,91.58883318
2015-08-26,100439,92.64265622
2015-08-27,139223,38.31260767
2015-08-28,169331,21.07615695
2015-08-31,80267,-3.235891129
2015-09-01,90469,97.55721258
2015-09-02,108232,-12.34857482
2015-09-03,127873,-53.46151528
2015-09-04,165492,30.14907735
2015-09-08,98165,-39.25156281
2015-09-09,90401,-31.73997066
2015-09-10,140654,-73.73349399
2015-09-11,113556,-64.76032743
2015-09-14,102513,-17.49726626
2015-09-15,85406,36.6611932
2015-09-16,100291,83.61196581
2015-09-17,166479,56.36367
2015-09-18,93535,75.79065557
2015-09-21,110793,-26.27103557
2015-09-22,134827,-38.60127998
2015-09-23,93867,-34.83286704
2015-09-24,94230,77.8378709
2015-09-25,96639,-63.15607536
2015-09-28,123258,-29.8586736
2015-09-29,111796,76.4903228
2015-09-30,86697,97.96986474
2015-10-01,83886,81.20677931
2015-10-02,103944,48.0335604
2015-10-05,163142,-18.55230847
2015-10-06,120469,-78.80912348
2015-10-07,94608,37.16940059
2015-10-08,119728,82.56217835
2015-10-09,84910,48.69866984
2015-10-12,140617,32.31515862
2015-10-13,143709,-43.55744223
2015-10-14,161718,-7.638463039
2015-10-15,98505,-42.74253623
2015-10-16,162816,66.91482312
2015-10-19,113648,49.64230905
2015-10-20,113946,24.0046631
2015-10-21,89729,97.45592742
2015-10-22,94883,43.19973854
2015-10-23,132191,43.67501451
2015-10-26,149659,28.72181493
2015-10-27,158687,7.78359696
2015-10-28,100962,-58.6910848
2015-10-29,93806,4.535348574
2015-10-30,107122,35.19141987
2015-11-02,144336,-35.95720424
2015-11-03,153613,37.22730574
2015-11-04,95889,42.43957296
2015-11-05,98174,45.47582352
2015-11-06,82761,98.1513183
2015-11-09,103413,-57.3097654
2015-11-10,165267,79.45369304
2015-11-11,81844,32.94896045
2015-11-12,136975,-99.5323413
2015-11-13,145618,-15.22892926
2015-11-16,119888,1.649643312
2015-11-17,84130,83.55648006
2015-11-18,149201,63.06065911
2015-11-19,127336,4.363445835
2015-11-20,96836,-20.42095428
2015-11-23,91365,-70.86256415
2015-11-24,154492,76.56074507
2015-11-25,119376,-79.08405032
2015-11-27,106143,92.20144759
2015-11-30,155049,83.85712562
2015-12-01,103037,-84.65481626
2015-12-02,91362,-52.64548334
2015-12-03,163848,26.75723413
2015-12-04,106351,64.17950111
2015-12-07,155793,-76.58994517
2015-12-08,101820,-25.79441726
2015-12-09,143466,-83.47416147
2015-12-10,83186,-90.88687556
2015-12-11,145525,-16.09716806
2015-12-14,159568,-61.25950181
2015-12-15,88267,-54.53272416
2015-12-16,168046,61.39175062
2015-12-17,122718,-81.56756676
2015-12-18,80859,9.675482161
2015-12-21,163015,-88.07513559
2015-12-22,100293,-94.87610374
2015-12-23,127382,5.793137246
2015-12-24,95723,-2.221245856
2015-12-28,108341,-75.71934469
2015-12-29,155685,-90.28426773
2015-12-30,81024,53.92170387
2015-12-31,114853,-47.16424566
2016-01-04,150400,2.569501733
2016-01-05,133442,-6.904410186
2016-01-06,99530,94.60733526
2016-01-07,95008,51.56464893
2016-01-08,118960,-73.84676851
2016-01-11,81941,-30.93942192
2016-01-12,127504,-52.80883523
2016-01-13,161356,-99.96936339
2016-01-14,167561,-91.74628852
2016-01-15,89586,36.45176027
2016-01-19,156929,41.74396332
2016-01-20,91298,7.190043226
2016-01-21,106744,4.116780134
2016-01-22,161407,30.20849488
2016-01-25,135819,55.30691197
2016-01-26,124846,63.24087944
2016-01-27,144068,-47.93506992
2016-01-28,165744,58.69929502
2016-01-29,115939,98.80249126
2016-02-01,145877,-59.56334498
2016-02-02,129443,-36.78199882
2016-02-03,97420,-43.48979621
2016-02-04,85833,64.49290841
2016-02-05,143082,-62.72856888
2016-02-08,112284,36.63334262
2016-02-09,158001,73.71167381
2016-02-10,85194,27.69965308
2016-02-11,158648,22.17312527
2016-02-12,115369,24.48159325
2016-02-16,157419,77.40040036
2016-02-17,115228,49.14942102
2016-02-18,123614,-69.97524496
2016-02-19,98707,-79.17407573
2016-02-22,112832,-73.46607276
2016-02-23,90304,70.1406089
2016-02-24,84478,94.80748054
2016-02-25,85524,94.50790853
2016-02-26,105491,19.67686471
2016-02-29,119930,-67.25328272
2016-03-01,164373,67.14127928
2016-03-02,82863,-41.30355927
2016-03-03,127935,94.80869274
2016-03-04,126396,-5.195885698
2016-03-07,131703,-60.4230078
2016-03-08,133513,-98.51835793
2016-03-09,157767,79.87052419
2016-03-10,147008,42.97713381
2016-03-11,147671,-6.681453901
2016-03-14,161612,-52.90483334
2016-03-15,134110,-98.44242541
2016-03-16,92548,11.85355537
2016-03-17,114728,11.84881076
2016-03-18,116480,18.18921888
2016-03-21,93599,-50.80254961
2016-03-22,163022,-47.47847738
2016-03-23,146905,-87.08367104
2016-03-24,106289,12.76650384
2016-03-28,80201,-68.3472905
2016-03-29,165710,-22.41081334
2016-03-30,129424,-0.454352692
2016-03-31,98871,-49.49309227
2016-04-01,119512,34.3972646
2016-04-04,86469,81.32055151
2016-04-05,147197,58.34747103
2016-04-06,94625,-41.64183649
2016-04-07,133775,-70.64511396
2016-04-08,144593,85.52325777
2016-04-11,94577,-45.40040092
2016-04-12,85927,-14.1086949
2016-04-13,98479,12.06937233
2016-04-14,88101,-49.61202647
2016-04-15,104380,33.26945692
2016-04-18,129278,20.05851351
2016-04-19,142716,-0.67387221
2016-04-20,109260,-95.12641086
2016-04-21,148072,-97.12403333
2016-04-22,154076,59.64238512
2016-04-25,120863,-58.14170116
2016-04-26,142188,-58.17431359
2016-04-27,93467,-8.491220424
2016-04-28,118576,48.99961165
2016-04-29,130990,91.45113438
2016-05-02,123681,27.84654453
2016-05-03,85464,-23.00526173
2016-05-04,124705,47.75199889
2016-05-05,107878,-67.84779907
2016-05-06,126953,-32.38650637
2016-05-09,110262,67.9087826
2016-05-10,138929,-24.31321739
2016-05-11,166622,-50.56116238
2016-05-12,155212,-79.19078374
2016-05-13,86302,56.98409274
2016-05-16,139218,-95.12567602
2016-05-17,80981,-43.19424779
2016-05-18,124763,-91.78779335
2016-05-19,130700,54.47276744
2016-05-20,100326,15.90076756
2016-05-23,160956,99.49729217
2016-05-24,99123,-39.35137661
2016-05-25,125676,94.48293635
2016-05-26,133665,-62.79440225
2016-05-27,129520,69.21822656
2016-05-31,95309,85.89629746
2016-06-01,122376,-20.30656918
2016-06-02,113128,13.62825161
2016-06-03,117189,-56.03713561
2016-06-06,143558,87.5251362
2016-06-07,142310,59.8090802
2016-06-08,116709,-32.24286264
2016-06-09,96320,-94.48716711
2016-06-10,124957,-0.13386987
2016-06-13,122973,-30.47581019
2016-06-14,83611,-82.00601409
2016-06-15,135285,38.6577681
2016-06-16,86398,-66.86148643
2016-06-17,105568,72.28852201
2016-06-20,110202,84.70448177
2016-06-21,151315,42.01403068
2016-06-22,106904,11.40335316
2016-06-23,85230,-32.74999431
2016-06-24,111336,-23.15166
2016-06-27,88329,-21.51546416
2016-06-28,129488,31.3972658
2016-06-29,135907,8.523091458
2016-06-30,102613,-51.85209175
2016-07-01,83988,16.60623311
2016-07-05,144768,29.10127701
2016-07-06,81698,-6.018333066
2016-07-07,89296,60.07945136
2016-07-08,137101,-63.5011836
2016-07-11,144528,69.89376525
2016-07-12,132389,65.30540644
2016-07-13,150115,-17.2684919
2016-07-14,124005,-58.40157532
2016-07-15,118760,7.654718831
2016-07-18,115811,-19.55482471
2016-07-19,98887,58.33534932
2016-07-20,94051,20.20968864
2016-07-21,117903,64.83384735
2016-07-22,125146,23.13704733
2016-07-25,135889,17.04251319
2016-07-26,163304,-10.10043377
2016-07-27,165507,32.80089446
2016-07-28,92055,20.08283554
2016-07-29,163079,-73.19385581
2016-08-01,86901,-20.66115919
2016-08-02,94201,-70.75482875
2016-08-03,87798,85.87309113
2016-08-04,156889,-56.17814982
2016-08-05,117198,93.61103124
2016-08-08,122232,-68.65129693
2016-08-09,162143,20.18566031
2016-08-10,117617,-91.9091035
2016-08-11,112764,-96.21227136
2016-08-12,156574,44.24405054
2016-08-15,157593,54.09119105
2016-08-16,111337,-88.28303438
2016-08-17,146740,-39.75584215
2016-08-18,125106,7.738972369
2016-08-19,137225,-76.14506887
2016-08-22,118217,-68.63388586
2016-08-23,104840,-5.168168527
2016-08-24,116113,-34.73077417
2016-08-25,153657,-40.91346084
2016-08-26,140723,26.92134763
2016-08-29,86637,2.36197057
2016-08-30,98857,11.61253783
2016-08-31,152913,-86.67048425
2016-09-01,137070,9.007843861
2016-09-02,96405,81.08336582
2016-09-06,128871,-89.28839406
2016-09-07,98309,15.51502196
2016-09-08,137656,18.45217491
2016-09-09,166643,66.65631374
2016-09-12,120819,-73.31503512
2016-09-13,126000,62.49158384
2016-09-14,131460,89.32401492
2016-09-15,90785,15.1190373
2016-09-16,126141,-94.98073177
2016-09-19,158991,-0.739090525
2016-09-20,89720,17.43340102
2016-09-21,126173,7.534495203
2016-09-22,119031,80.59641461
2016-09-23,96035,93.96264708
2016-09-26,125649,53.93115124
2016-09-27,128421,-42.62824052
2016-09-28,96318,-26.62010234
2016-09-29,95061,-13.57498317
2016-09-30,126158,11.46237629
2016-10-03,132254,40.42992799
2016-10-04,95912,-45.65316521
2016-10-05,139375,21.0632658
2016-10-06,142498,-37.91032248
2016-10-07,156020,42.40596049
2016-10-10,114727,90.4243522
2016-10-11,135787,75.84941379
2016-10-12,145888,84.60109954
2016-10-13,86174,62.73308392
2016-10-14,144632,15.4779232
2016-10-17,100380,-60.57875137
2016-10-18,85104,36.3231595
2016-10-19,169100,70.12717463
2016-10-20,89866,-62.27441021
2016-10-21,157690,-76.92599796
2016-10-24,116407,30.30457476
2016-10-25,160099,41.71757422
2016-10-26,165540,35.47642812
2016-10-27,157767,-54.98089183
2016-10-28,120356,-17.02436834
2016-10-31,128362,34.21551362
2016-11-01,136693,-31.82490891
2016-11-02,82774,80.06222413
2016-11-03,124505,10.01204799
2016-11-04,106282,38.03879466
2016-11-07,131357,36.64279632
2016-11-08,153175,97.43312098
2016-11-09,136086,65.80384529
2016-11-10,128748,-3.207741438
2016-11-11,167527,84.48793051
2016-11-14,110666,87.19690312
2016-11-15,119744,-4.938210187
2016-11-16,92853,-0.842824987
2016-11-17,120267,25.91113052
2016-11-18,146787,50.01302805
2016-11-21,105864,85.45938698
2016-11-22,138767,2.914787639
2016-11-23,92137,-0.055073282
2016-11-25,82663,-85.14416513
2016-11-28,105388,38.84896685
2016-11-29,115468,-89.45368413
2016-11-30,144391,74.32678733
2016-12-01,129206,32.56005685
2016-12-02,109619,-33.4592544
2016-12-05,128581,78.15431357
2016-12-06,140267,59.27407646
2016-12-07,112059,40.47332168
2016-12-08,94946,25.49416466
2016-12-09,112533,-95.14291793
2016-12-12,163968,-6.962463533
2016-12-13,97073,-8.657751271
2016-12-14,164239,43.99498744
2016-12-15,96933,-41.06959829
2016-12-16,157791,-25.6957984
2016-12-19,95587,82.11892834
2016-12-20,117250,13.09867358
2016-12-21,112528,-8.048047702
2016-12-22,125966,50.17460117
2016-12-23,91335,-80.05900856
2016-12-27,91590,54.21386014
2016-12-28,115107,29.20624192
2016-12-29,154807,16.67093895
2016-12-30,87667,-96.37515175
2017-01-03,82632,95.85839276
2017-01-04,144009,23.06008936
2017-01-05,131814,88.41065849
2017-01-06,161780,-7.845957463
2017-01-09,159860,25.95634056
2017-01-10,84791,35.88825523
2017-01-11,138043,-79.11280928
2017-01-12,134848,88.03680258
2017-01-13,155688,-25.22466865
2017-01-17,129201,64.95516444
2017-01-18,154268,59.08518376
2017-01-19,150586,35.5289309
2017-01-20,110417,-12.39325969
2017-01-23,139063,-45.26292408
2017-01-24,109638,-23.89124766
2017-01-25,116242,6.992061296
2017-01-26,103397,-46.82379498
2017-01-27,103637,10.43047707
2017-01-30,110509,-2.80751783
2017-01-31,154753,33.76055035
2017-02-01,91913,-5.834380683
2017-02-02,157995,-42.14282647
2017-02-03,88700,-8.98821559
2017-02-06,148645,62.30988389
2017-02-07,159162,1.831720197
2017-02-08,124937,2.920973395
2017-02-09,124612,-81.3187151
2017-02-10,117827,-32.81463786
2017-02-13,83309,60.8282125
2017-02-14,127798,-0.027336889
2017-02-15,96330,-8.134824833
2017-02-16,159713,-57.31273003
2017-02-17,167335,-8.442810881
2017-02-21,92489,42.85399072
2017-02-22,88743,71.17284365
2017-02-23,83424,1.732990961
2017-02-24,164834,87.21730998
2017-02-27,137814,25.64574988
2017-02-28,91376,-50.48620888
2017-03-01,139839,22.72775147
2017-03-02,163931,6.634906441
2017-03-03,141653,50.49768678
2017-03-06,84477,-87.13640093
2017-03-07,94191,-72.52642811
2017-03-08,106759,61.65030012
2017-03-09,167478,-48.56755812
2017-03-10,103126,-0.484078722
2017-03-13,113120,49.65963992
2017-03-14,169084,11.81344649
2017-03-15,83619,6.448804586
2017-03-16,116280,-2.962631972
2017-03-17,101054,-83.47111383
2017-03-20,112563,-27.4710152
2017-03-21,118273,-15.60337851
2017-03-22,125970,-66.96710588
2017-03-23,95516,-1.95363554
2017-03-24,109643,4.158369066
2017-03-27,87763,-96.7206817
2017-03-28,96719,56.67918095
2017-03-29,92300,3.859908131
2017-03-30,81988,94.97434302
2017-03-31,138920,72.24989916
2017-04-03,163421,-15.17154838
2017-04-04,153368,-51.99756239
2017-04-05,166637,-67.24161421
2017-04-06,99539,-44.84760223
2017-04-07,162518,-74.59042506
2017-04-10,125420,-80.53955885
2017-04-11,99633,-69.08128162
2017-04-12,155959,-89.85834721
2017-04-13,153714,-1.453632903
2017-04-17,102782,16.13125145
2017-04-18,149562,-58.94173689
2017-04-19,134736,55.85559603
2017-04-20,116600,94.20402462
2017-04-21,111250,59.4995476
2017-04-24,132155,-56.02581181
2017-04-25,125266,91.17703473
2017-04-26,158697,67.69136715
2017-04-27,124140,-59.54630714
2017-04-28,81104,-64.94926558
2017-05-01,108881,-10.87586148
2017-05-02,125841,44.34756157
2017-05-03,160333,-56.47870077
2017-05-04,148036,-18.92845663
2017-05-05,167876,-56.35212778
2017-05-08,122745,-79.38579
2017-05-09,147000,93.83024302
2017-05-10,87947,75.27463931
2017-05-11,161724,31.34481698
2017-05-12,145696,-80.70253039
2017-05-15,100525,93.98061579
2017-05-16,114091,-63.55853198
2017-05-17,86617,-57.54438542
2017-05-18,103086,65.93529271
2017-05-19,81264,19.88486464
2017-05-22,103406,-20.15560996
2017-05-23,128082,-2.715119231
2017-05-24,101979,57.27041019
2017-05-25,162770,-0.157108643
2017-05-26,127656,-9.745099527
2017-05-30,122475,37.17316648
2017-05-31,129079,25.68095474
2017-06-01,139818,71.94097181
2017-06-02,97789,-27.5610653
2017-06-05,161705,-17.8246837
2017-06-06,96255,-63.42329591
2017-06-07,122209,57.00333554
2017-06-08,129198,5.513643191
2017-06-09,143142,97.2450041
2017-06-12,83097,69.33975194
2017-06-13,135468,23.11470235
2017-06-14,162360,-78.48842773
2017-06-15,93195,15.60448386
2017-06-16,153409,-39.08288044
2017-06-19,139742,-29.37431181
2017-06-20,162164,-70.22430263
2017-06-21,103202,-2.428846676
2017-06-22,103543,-36.19819769
2017-06-23,96652,-97.79739602
2017-06-26,144418,79.92565551
2017-06-27,126000,21.57648694
2017-06-28,145265,-22.34323619
2017-06-29,157834,3.37535426
2017-06-30,99094,91.51529195
2017-07-03,101448,80.98933096
2017-07-05,80327,-19.91819891
2017-07-06,135228,46.7464058
2017-07-07,109041,54.19343168
2017-07-10,124571,-96.37379121
2017-07-11,134261,57.82694556
2017-07-12,123601,-52.58318513
2017-07-13,144408,-29.54116041
2017-07-14,148211,-52.21564251
2017-07-17,163053,76.99008401
2017-07-18,117092,18.41805876
2017-07-19,124032,65.61283078
2017-07-20,167569,-65.96315875
2017-07-21,95854,-7.928851864
2017-07-24,96445,-13.33206097
2017-07-25,157798,67.98111448
2017-07-26,147334,-69.54371537
2017-07-27,144139,27.07171129
2017-07-28,85455,-93.41000178
2017-07-31,161837,87.43843249
2017-08-01,107087,-69.26471074
2017-08-02,159882,-83.40587261
2017-08-03,112026,23.29626024
2017-08-04,81778,-51.27211896
2017-08-07,154750,-27.94170063
2017-08-08,169624,-10.57882623
2017-08-09,140757,61.5168231
2017-08-10,134297,-30.971456
2017-08-11,143588,20.94483985
2017-08-14,82773,-14.68038851
2017-08-15,153646,81.70380731
2017-08-16,104600,-3.838061751
2017-08-17,99630,-34.05674913
2017-08-18,163021,-38.92846841
2017-08-21,110634,-52.79516563
2017-08-22,104168,-17.56181193
2017-08-23,108317,-30.67571637
2017-08-24,137909,-88.39413493
2017-08-25,152162,84.83646296
2017-08-28,138643,39.88880044
2017-08-29,131232,6.748743567
2017-08-30,83646,-20.33059041
2017-08-31,151090,-75.6083325
2017-09-01,95638,-58.9662979
2017-09-05,139002,-14.79669473
2017-09-06,142583,-43.73971286
2017-09-07,113126,-18.57368046
2017-09-08,89865,64.33262219
2017-09-11,82860,-47.73194173
2017-09-12,143808,-13.67543051
2017-09-13,160966,43.00643523
2017-09-14,81201,-22.6639892
2017-09-15,109617,-8.235342315
2017-09-18,81716,86.32429
2017-09-19,87005,86.16062079
2017-09-20,161805,-48.32000518
2017-09-21,96745,11.7209229
2017-09-22,114692,88.55644451
2017-09-25,155721,-15.50523385
2017-09-26,80475,-72.57095595
2017-09-27,90671,34.82587629
2017-09-28,109042,-80.67138779
2017-09-29,101033,-12.06308331
2017-10-02,162070,19.82801865
2017-10-03,144012,-62.50880082
2017-10-04,126532,-2.398832772
2017-10-05,158054,96.11134089
2017-10-06,113354,-71.52928819
2017-10-09,126123,-35.56777769
2017-10-10,118151,14.80419446
2017-10-11,158751,53.90138675
2017-10-12,118706,42.05126082
2017-10-13,110767,69.51653932
2017-10-16,154439,-6.841954523
2017-10-17,81505,-9.184336286
2017-10-18,156392,52.28158824
2017-10-19,94132,53.75775455
2017-10-20,109235,11.78672759
2017-10-23,165302,-34.36941975
2017-10-24,103567,-93.05949715
2017-10-25,95680,30.12262703
2017-10-26,128443,74.04407944
2017-10-27,85673,12.16429021
2017-10-30,98020,-20.07035914
2017-10-31,110351,-35.8616588
2017-11-01,88424,28.47012057
2017-11-02,124868,43.20665088
2017-11-03,148552,-36.50602373
2017-11-06,110590,-55.87864986
2017-11-07,103493,47.83746661
2017-11-08,133763,-81.32724422
2017-11-09,125380,-55.89353892
2017-11-10,138195,-7.064565416
2017-11-13,143470,43.32386302
2017-11-14,88425,-54.57934131
2017-11-15,90760,78.67775429
2017-11-16,131198,-6.906981545
2017-11-17,84684,-57.17507412
2017-11-20,103998,-89.19392044
2017-11-21,124037,79.43512613
2017-11-22,102423,-38.24071805
2017-11-24,110732,18.67575524
2017-11-27,149436,31.0182062
2017-11-28,99634,60.98118396
2017-11-29,131183,-7.288020091
2017-11-30,117380,-17.98188909
2017-12-01,128648,-27.60772142
2017-12-04,117249,87.8988226
2017-12-05,132642,-13.18556281
2017-12-06,111181,30.13157452
2017-12-07,151076,89.90171081
2017-12-08,123004,49.29375614
2017-12-11,86762,-21.96679664
2017-12-12,145385,22.41176489
2017-12-13,136524,45.18628292
2017-12-14,137155,-83.71762117
2017-12-15,140626,9.79811846
2017-12-18,163575,95.82207317
2017-12-19,130164,7.047225198
2017-12-20,92774,12.5220932
2017-12-21,165841,-82.4875958
2017-12-22,93175,40.06435574
2017-12-26,144080,38.39400735
2017-12-27,100146,86.45845148
2017-12-28,88050,57.31043797
2017-12-29,108609,23.85802408
2018-01-02,99686,-49.56486159
2018-01-03,96655,-82.43378319
2018-01-04,137138,-35.87900274
2018-01-05,160435,19.75952286
2018-01-08,97652,60.00224259
2018-01-09,134012,-96.20929925
2018-01-10,99482,-36.82271679
2018-01-11,131413,93.82307072
2018-01-12,121540,50.15257376
2018-01-16,169082,-90.34292751
2018-01-17,89312,-89.57473894
2018-01-18,83465,-15.07318992
2018-01-19,158299,9.627756184
2018-01-22,112565,61.71469993
2018-01-23,124512,49.15018772
2018-01-24,142999,-15.20445948
2018-01-25,118447,75.46687669
2018-01-26,129002,6.720229017
2018-01-29,107913,-85.95420459
2018-01-30,88454,-76.20050709
2018-01-31,159737,-87.19097144
2018-02-01,128184,-99.84361081
2018-02-02,168814,-68.36534225
2018-02-05,112589,87.82123272
2018-02-06,106619,36.44162439
2018-02-07,91100,8.522601525
2018-02-08,165638,-42.07603569
2018-02-09,117112,83.07189546
2018-02-12,83797,73.60362485
2018-02-13,88874,38.59567755
2018-02-14,123130,17.3105103
2018-02-15,154500,-16.72847706
2018-02-16,161542,61.76488564
2018-02-20,169388,29.1974916
2018-02-21,127617,-60.02621022
2018-02-22,89380,-56.32217483
2018-02-23,135191,-0.322736007
2018-02-26,169020,-3.600608037
2018-02-27,81945,-42.15228578
2018-02-28,155736,32.75650473
2018-03-01,80965,-23.37266704
2018-03-02,97820,-95.79366905
2018-03-05,136721,37.83219781
2018-03-06,152517,-65.81545587
2018-03-07,124498,-49.30947856
2018-03-08,141740,60.45539604
2018-03-09,168264,23.80401779
2018-03-12,105075,44.02610016
2018-03-13,127969,37.67429789
2018-03-14,146236,-63.09233438
2018-03-15,109783,-15.40817771
2018-03-16,83339,-54.87592741
2018-03-19,160571,-24.05885736
2018-03-20,84084,98.40602365
2018-03-21,105517,-96.10559093
2018-03-22,135591,-18.62780057
2018-03-23,110316,77.06129564
2018-03-26,128098,32.89263114
2018-03-27,111464,55.25663065
2018-03-28,133266,92.8965691
2018-03-29,127970,99.75892327
2018-04-02,90617,-41.7463883
2018-04-03,82049,53.8727186
2018-04-04,151307,-26.45605276
2018-04-05,169732,0.374855875
2018-04-06,84188,-66.99416485
2018-04-09,144580,13.69616121
2018-04-10,142810,27.55429311
2018-04-11,83835,-67.52240856
2018-04-12,125254,34.25813699
2018-04-13,132136,-7.196360765
2018-04-16,109412,45.64666772
2018-04-17,121337,-61.91109947
2018-04-18,135296,-90.75214382
2018-04-19,106075,13.05267261
2018-04-20,101208,-6.551696213
2018-04-23,82899,91.90297731
2018-04-24,140391,22.52636094
2018-04-25,133495,56.2162272
2018-04-26,139145,9.450413117
2018-04-27,146611,0.856601022
2018-04-30,121414,85.29565524
2018-05-01,81436,-58.46873825
2018-05-02,123265,75.02640573
2018-05-03,105554,48.37034288
2018-05-04,128567,-21.08389179
2018-05-07,156372,70.99121686
2018-05-08,80221,70.35416827
2018-05-09,161346,25.01711605
2018-05-10,157978,-25.11516714
2018-05-11,83616,50.74436908
2018-05-14,155489,89.22508837
2018-05-15,102879,71.93393833
2018-05-16,169146,72.97719198
2018-05-17,132332,-80.44336761
2018-05-18,159333,-52.374367
2018-05-21,155633,-42.68380629
2018-05-22,96451,26.0230073
2018-05-23,119802,-3.199558701
2018-05-24,145953,3.738296013
2018-05-25,134824,-7.002960199
2018-05-29,99677,75.66741433
2018-05-30,152203,78.15670559
2018-05-31,89923,-9.448260429
2018-06-01,136994,-2.239084468
2018-06-04,145343,-91.31532774
2018-06-05,133739,-78.02475379
2018-06-06,162577,94.44958964
2018-06-07,100108,27.31263275
2018-06-08,83136,2.570463213
2018-06-11,126891,67.49744542
2018-06-12,156115,-61.64184748
2018-06-13,155398,52.34581476
2018-06-14,137215,42.67024869
2018-06-15,100296,47.29935121
2018-06-18,103088,-99.6418576
2018-06-19,163155,-37.66156662
2018-06-20,83507,3.615781625
2018-06-21,117345,73.18773194
2018-06-22,108252,2.852552594
2018-06-25,157716,-52.12574239
2018-06-26,162067,54.70728894
2018-06-27,122465,-31.4206258
2018-06-28,155121,-11.27211267
2018-06-29,112554,91.009099
2018-07-02,85005,-2.170897341
2018-07-03,114298,-72.00637789
2018-07-05,168373,3.715064955
2018-07-06,92642,-3.916324205
2018-07-09,90374,-75.01370726
2018-07-10,133349,99.36627017
2018-07-11,91769,28.59705595
2018-07-12,151702,-68.78433831
2018-07-13,129816,-44.69549704
2018-07-16,106290,-6.86266251
2018-07-17,89302,82.97655111
2018-07-18,84076,14.76938216
2018-07-19,162659,-32.85693115
2018-07-20,125640,-88.29314857
2018-07-23,138049,10.94478476
2018-07-24,156329,-50.68602732
2018-07-25,98538,-2.94231805
2018-07-26,99258,52.14351678
2018-07-27,160988,25.89508798
2018-07-30,126096,80.96320033
2018-07-31,97258,-51.44357611
2018-08-01,143011,-41.58155568
2018-08-02,159408,64.97030114
2018-08-03,140148,-34.18195272
2018-08-06,85029,1.167283771
2018-08-07,152324,-90.49079917
2018-08-08,111999,22.36226927
2018-08-09,105065,-48.9730174
2018-08-10,158758,-66.49893174
2018-08-13,117431,90.48649835
2018-08-14,143496,-61.37703972
2018-08-15,128481,0.453760807
2018-08-16,156332,65.73486214
2018-08-17,152595,54.23574983
2018-08-20,87491,-63.18937136
2018-08-21,136019,-77.33034078
2018-08-22,99095,-13.47726798
2018-08-23,84001,95.90302598
2018-08-24,161736,-61.99053353
2018-08-27,111865,9.277626465
2018-08-28,139720,-14.43430891
2018-08-29,135890,6.386958801
2018-08-30,119514,-24.4000798
2018-08-31,83029,72.27062042
2018-09-04,117862,12.01852897
2018-09-05,125099,22.96616685
2018-09-06,140130,7.31055183
2018-09-07,140787,46.02670837
2018-09-10,101899,37.97133772
2018-09-11,154162,27.21031696
2018-09-12,90189,-56.54255936
2018-09-13,148241,-88.27827098
2018-09-14,142834,72.3859828
2018-09-17,147678,-8.323586637
2018-09-18,133762,13.57080439
2018-09-19,111943,-40.45356859
2018-09-20,92582,-26.25971493
2018-09-21,154812,-17.44756115
2018-09-24,93546,67.71444978
2018-09-25,123282,66.85721621
2018-09-26,153173,42.11049735
2018-09-27,112340,-95.25631003
2018-09-28,137904,-11.5587747
2018-10-01,118345,-60.02414425
2018-10-02,137027,20.28139861
2018-10-03,94932,-17.97581215
2018-10-04,87170,75.09936469
2018-10-05,134106,-20.59637113
2018-10-08,132336,11.41226181
2018-10-09,113396,74.50196181
2018-10-10,158830,-90.41301867
2018-10-11,169236,82.35474255
2018-10-12,144933,-59.65091741
2018-10-15,128435,43.7393341
2018-10-16,164112,-13.16133693
2018-10-17,105777,58.35146635
2018-10-18,126993,64.19728278
2018-10-19,143881,-0.032196012
2018-10-22,124837,-39.15945073
2018-10-23,95249,94.20455229
2018-10-24,157482,38.24505947
2018-10-25,136158,49.47711546
2018-10-26,165862,-68.28070412
2018-10-29,123783,-8.0597227
2018-10-30,111512,-84.26238156
2018-10-31,147946,34.7925901
2018-11-01,159000,-20.6684942
2018-11-02,131421,68.74046653
2018-11-05,147251,48.29430047
2018-11-06,136361,-27.51705449
2018-11-07,168359,-37.23873108
2018-11-08,159746,18.50581064
2018-11-09,161165,73.28816523
2018-11-12,141625,-67.16566976
2018-11-13,166609,-59.81947275
2018-11-14,129786,79.57076317
2018-11-15,91631,86.9170908
2018-11-16,140790,55.37108797
2018-11-19,89075,35.90951821
2018-11-20,163036,78.4409905
2018-11-21,114566,53.55921284
2018-11-23,90771,-85.35001237
2018-11-26,90739,85.11149774
2018-11-27,149309,69.16423815
2018-11-28,151139,99.4037259
2018-11-29,96460,-13.57025613
2018-11-30,133116,-84.80892544
2018-12-03,166099,-62.47820586
2018-12-04,155886,-80.99928757
2018-12-06,91906,52.21806898
2018-12-07,157132,-31.25737034
2018-12-10,149948,-54.23045765
2018-12-11,146198,-86.16762193
2018-12-12,154332,-34.5454191
2018-12-13,145098,-33.33033148
2018-12-14,154056,1.241143476
2018-12-17,138715,73.7575238
2018-12-18,141164,30.43042822
2018-12-19,81299,7.319967305
2018-12-20,129633,61.1717337
2018-12-21,105391,44.03572017
2018-12-24,98750,86.44814175
2018-12-26,92870,93.10749281
2018-12-27,131486,87.18149179
2018-12-28,130324,88.49754839
2018-12-31,128608,13.40799263
2019-01-02,116426,10.72809801
2019-01-03,131920,-10.52760777
2019-01-04,168752,-97.06440182
2019-01-07,95970,20.52069583
2019-01-08,127368,-82.85619193
2019-01-09,92321,-67.9510674
2019-01-10,125235,-84.40115297
2019-01-11,90526,50.73082996
2019-01-14,101883,-49.58308756
2019-01-15,105077,83.83629789
2019-01-16,118242,25.75371384
2019-01-17,141368,77.79441275
2019-01-18,128319,19.81337962
2019-01-22,123551,-99.70401089
2019-01-23,118994,-88.30275665
2019-01-24,132813,61.64980768
2019-01-25,125182,-90.00021821
2019-01-28,124318,-41.35257619
2019-01-29,136930,40.31536096
2019-01-30,150137,-99.1734059
2019-01-31,135129,20.73518284
2019-02-01,168319,-90.6506007
2019-02-04,101323,96.14572092
2019-02-05,160871,-8.362320619
2019-02-06,161863,21.35830675
2019-02-07,98281,-24.19715792
2019-02-08,123535,-30.09169357
2019-02-11,88400,-66.49078157
2019-02-12,118081,68.90153742
2019-02-13,146637,-62.93171752
2019-02-14,97209,10.96119839
2019-02-15,112559,-61.04454707
2019-02-19,97089,69.52963513
2019-02-20,93992,-53.24442117
2019-02-21,132301,41.08879858
2019-02-22,109169,-12.73461014
2019-02-25,137983,-83.9315161
2019-02-26,83399,-59.73152305
2019-02-27,97219,-70.17557528
2019-02-28,154218,28.21479249
2019-03-01,163621,-85.2174635
2019-03-04,123100,44.24335137
2019-03-05,135153,16.76779043
2019-03-06,121449,-75.66473836
2019-03-07,122066,-16.24292873
2019-03-08,148594,84.15460832
2019-03-11,90674,-67.66107464
2019-03-12,99694,24.66231115
2019-03-13,140237,-77.46895095
2019-03-14,162539,-96.68802166
2019-03-15,81169,53.30020234
2019-03-18,97759,-97.51892154
2019-03-19,144737,-22.64208667
2019-03-20,156806,26.37717012
2019-03-21,116435,87.43476597
2019-03-22,144726,-89.74243544
2019-03-25,168078,-29.14006629
2019-03-26,88452,-90.39315852
2019-03-27,87660,-70.55435325
2019-03-28,115179,54.34682172
2019-03-29,107284,94.97384817
2019-04-01,156319,-80.86402279
2019-04-02,143636,35.81904285
2019-04-03,106924,93.77694723
2019-04-04,93880,44.24918509
2019-04-05,123471,-66.33969165
2019-04-08,95848,70.28788989
2019-04-09,80885,-61.72376651
2019-04-10,130096,-54.78415232
2019-04-11,120889,-40.21846303
2019-04-12,128743,-49.80544104
2019-04-15,92507,41.54805748
2019-04-16,133662,-5.706902441
2019-04-17,127238,56.76730402
2019-04-18,109972,56.01338291
2019-04-22,99909,-60.64807236
2019-04-23,135593,74.02195666
2019-04-24,116590,-79.9849088
2019-04-25,165291,60.53145389
2019-04-26,80732,-90.58377225
2019-04-29,132170,73.78640645
2019-04-30,138863,-46.40048475
2019-05-01,91506,83.51425657
2019-05-02,95482,73.23591514
2019-05-03,83981,3.106551076
2019-05-06,111091,-35.30842134
2019-05-07,168797,-58.39482091
2019-05-08,146994,-54.51681835
2019-05-09,151797,-51.5885859
2019-05-10,126062,35.96383568
2019-05-13,131602,75.0819896
2019-05-14,138641,91.58796435
2019-05-15,93856,58.76862372
2019-05-16,117640,32.53671834
2019-05-17,169170,19.59934384
2019-05-20,137159,-95.6145663
2019-05-21,131881,74.66104824
2019-05-22,147888,28.38995824
2019-05-23,101267,62.89973407
2019-05-24,134219,38.54748163
2019-05-28,93618,35.40829581
2019-05-29,149496,-18.09647134
2019-05-30,155387,-94.87933446
2019-05-31,129699,27.28960499
2019-06-03,110021,20.06515983
2019-06-04,156648,-6.916448885
2019-06-05,112357,-75.69793802
2019-06-06,122700,60.55173565
2019-06-07,131834,-91.02802725
2019-06-10,89031,-0.973668612
2019-06-11,147447,-31.04646029
2019-06-12,107639,52.50838486
2019-06-13,92663,-93.69968418
2019-06-14,117596,-51.72548017
2019-06-17,118961,-20.68931414
2019-06-18,117110,-36.85856742
2019-06-19,123298,22.77759862
2019-06-20,169574,45.16874944
2019-06-21,150695,0.884161948
2019-06-24,107540,68.48646452
2019-06-25,124768,70.39288173
2019-06-26,123532,-42.73137338
2019-06-27,165830,-47.6302669
2019-06-28,131200,-0.461459215
2019-07-01,100359,93.98386407
2019-07-02,101303,-48.79294665
2019-07-03,166363,7.063380505
2019-07-05,135254,-89.5040638
2019-07-08,129715,19.2771636
2019-07-09,139343,13.6537033
2019-07-10,98682,58.1755711
2019-07-11,148476,-39.8446109
2019-07-12,157324,72.94397932
2019-07-15,127970,-94.42425265
2019-07-16,166264,16.94448997
2019-07-17,157799,9.595577018
2019-07-18,87613,-70.64907474
2019-07-19,84391,65.77428148
2019-07-22,94309,-95.9001012
2019-07-23,168346,18.04570322
2019-07-24,102746,3.563237917
2019-07-25,129911,-37.49457606
2019-07-26,84645,20.98106857
2019-07-29,156220,23.23898434
2019-07-30,80713,-58.91231609
2019-07-31,111995,34.08015967
2019-08-01,140244,3.344189979
2019-08-02,143277,-63.59905795
2019-08-05,106881,-20.73983723
2019-08-06,147138,-21.81262063
2019-08-07,86429,82.92228496
2019-08-08,153400,-82.71731534
2019-08-09,128850,33.65682321
2019-08-12,165346,33.76208079
2019-08-13,138965,19.01402137
2019-08-14,149662,-93.11669565
2019-08-15,150785,-12.84057461
2019-08-16,164438,59.39481502
2019-08-19,114409,-54.66154438
2019-08-20,158791,86.04679703
2019-08-21,93776,-91.0549537
2019-08-22,147222,43.47658337
2019-08-23,112293,19.99371399
2019-08-26,103923,48.6924144
2019-08-27,125138,35.6963077
2019-08-28,166900,-13.17383736
2019-08-29,162151,-69.57432425
2019-08-30,160668,-19.37045237
2019-09-03,152024,-93.6571925
2019-09-04,104200,46.83244426
2019-09-05,131245,-61.49503847
2019-09-06,81933,-27.37247541
2019-09-09,103157,78.33516997
2019-09-10,101402,-5.14722126
2019-09-11,152452,90.16247924
2019-09-12,140728,-95.72052981
2019-09-13,122215,7.983119994
2019-09-16,122815,-68.00353841
2019-09-17,151726,-20.96629611
2019-09-18,97338,-23.74930494
2019-09-19,114362,53.23126165
2019-09-20,144183,43.44510806
2019-09-23,145163,-22.77061622
2019-09-24,96505,48.62723051
2019-09-25,85829,-70.35933118
2019-09-26,169163,-69.33034514
2019-09-27,117328,-23.07392663
2019-09-30,108593,-19.06561101
2019-10-01,137472,-12.81943618
2019-10-02,165246,-31.42838457
2019-10-03,110319,68.83122231
2019-10-04,140182,35.84627134
2019-10-07,144137,86.25850239
2019-10-08,124868,40.4517408
2019-10-09,144403,-58.93719808
2019-10-10,135217,-54.2984679
2019-10-11,136295,-74.04376684
